Start;End;Sleep Quality;Regularity;Mood;Heart rate (bpm);Steps;Alarm mode;Air Pressure (Pa);City;Movements per hour;Time in bed (seconds);Time asleep (seconds);Time before sleep (seconds);Window start;Window stop;Did snore;Snore time;Weather temperature (Â°F);Weather type;Notes
2019-01-02 00:04:23;2019-01-02 07:57:37;70%;0%;;0;0;Normal;102.3000000;;99.3000000;28394.1000000;26027.9000000;1514.4000000;2019-01-02 07:30:00;2019-01-02 08:00:00;True;66.0000000;32.0000000;No weather;
2019-01-03 00:31:40;2019-01-03 07:40:37;65%;0%;;0;0;Normal;102.7000000;;119.3000000;25737.6000000;23078.0000000;514.8000000;2019-01-03 07:30:00;2019-01-03 08:00:00;True;0.0000000;32.0000000;No weather;
2019-01-04 00:17:13;2019-01-04 07:41:03;68%;98%;;0;0;Normal;102.3000000;;122.7000000;26629.3000000;20770.8000000;5325.9000000;2019-01-04 07:30:00;2019-01-04 08:00:00;True;0.0000000;32.0000000;No weather;
2019-01-07 00:13:22;2019-01-07 07:40:04;63%;99%;;0;0;Normal;102.4000000;;151.9000000;26802.4000000;23586.1000000;536.0000000;2019-01-07 07:30:00;2019-01-07 08:00:00;True;0.0000000;32.0000000;No weather;
2019-01-08 00:21:30;2019-01-08 07:52:22;77%;97%;;0;0;Normal;102.5000000;;124.1000000;27052.0000000;23174.5000000;541.0000000;2019-01-08 07:30:00;2019-01-08 08:00:00;True;806.0000000;32.0000000;No weather;
2019-01-09 00:12:28;2019-01-09 07:52:02;77%;98%;;0;2252;Normal;102.2000000;;126.4000000;27573.8000000;25827.5000000;551.5000000;2019-01-09 07:30:00;2019-01-09 08:00:00;True;288.0000000;32.0000000;No weather;
2019-01-10 00:07:37;2019-01-10 07:34:31;60%;98%;;0;4453;Normal;101.9000000;;171.7000000;26813.8000000;26277.6000000;536.3000000;2019-01-10 07:00:00;2019-01-10 08:00:00;True;613.0000000;32.0000000;No weather;
2019-01-13 23:44:06;2019-01-14 07:54:39;80%;0%;;0;1133;Normal;102.1000000;;141.3000000;29432.3000000;23055.3000000;588.6000000;2019-01-14 07:00:00;2019-01-14 08:00:00;True;0.0000000;32.0000000;No weather;
2019-01-14 23:53:14;2019-01-15 07:58:38;99%;98%;;0;1763;Normal;101.9000000;;90.7000000;29124.1000000;28250.3000000;873.7000000;2019-01-15 07:00:00;2019-01-15 08:00:00;True;219.0000000;32.0000000;No weather;
2019-01-16 00:08:26;2019-01-16 07:22:30;62%;96%;;0;2469;Normal;102.2000000;;165.5000000;26044.1000000;21877.1000000;520.9000000;2019-01-16 07:00:00;2019-01-16 08:00:00;True;139.0000000;32.0000000;No weather;
2019-01-17 00:36:27;2019-01-17 07:14:33;58%;95%;;0;3649;Normal;102.3000000;;168.1000000;23885.8000000;22532.3000000;477.7000000;2019-01-17 07:00:00;2019-01-17 08:00:00;True;1236.0000000;32.0000000;No weather;
2019-01-17 23:44:32;2019-01-18 07:53:01;77%;92%;;0;2369;Normal;102.2000000;;153.8000000;29309.1000000;26475.9000000;586.2000000;2019-01-18 07:00:00;2019-01-18 08:00:00;True;385.0000000;32.0000000;No weather;
2019-01-22 00:29:42;2019-01-22 07:54:01;78%;0%;;0;2937;Normal;101.9000000;;132.2000000;26659.3000000;23282.4000000;533.2000000;2019-01-22 07:00:00;2019-01-22 08:00:00;True;0.0000000;32.0000000;No weather;
2019-01-22 23:49:37;2019-01-23 07:41:39;84%;93%;;0;1640;Normal;103.0000000;;128.6000000;28321.6000000;26339.1000000;566.4000000;2019-01-23 07:00:00;2019-01-23 08:00:00;True;0.0000000;32.0000000;No weather;
2019-01-24 00:13:01;2019-01-24 07:28:20;69%;94%;;0;1699;Normal;102.4000000;;150.6000000;26118.7000000;21591.5000000;522.4000000;2019-01-24 07:00:00;2019-01-24 08:00:00;True;0.0000000;32.0000000;No weather;
2019-01-28 00:31:15;2019-01-28 07:25:03;83%;0%;;0;557;Normal;101.6000000;;98.0000000;24828.1000000;21021.1000000;496.6000000;2019-01-28 07:00:00;2019-01-28 08:00:00;True;0.0000000;32.0000000;No weather;
2019-01-29 00:24:31;2019-01-29 07:57:06;83%;95%;;0;3099;Normal;101.5000000;;119.7000000;27155.7000000;26612.6000000;543.1000000;2019-01-29 07:00:00;2019-01-29 08:00:00;True;0.0000000;32.0000000;No weather;
2019-01-30 00:07:11;2019-01-30 07:54:25;96%;96%;;0;3111;Normal;101.2000000;;88.5000000;28034.0000000;23922.4000000;1682.0000000;2019-01-30 07:00:00;2019-01-30 08:00:00;True;522.0000000;32.0000000;No weather;
2019-01-31 00:22:57;2019-01-31 07:45:59;82%;96%;;0;2376;Normal;101.4000000;;111.4000000;26582.2000000;21531.6000000;3012.7000000;2019-01-31 07:00:00;2019-01-31 08:00:00;True;1151.0000000;32.0000000;No weather;
2019-02-01 00:00:51;2019-02-01 07:49:19;83%;97%;;0;2742;Normal;101.6000000;;123.6000000;28108.0000000;26608.9000000;562.2000000;2019-02-01 07:00:00;2019-02-01 08:00:00;True;882.0000000;32.0000000;No weather;
2019-02-10 22:54:40;2019-02-11 05:44:57;80%;0%;;0;3560;Normal;101.7000000;;99.8000000;24617.4000000;22812.1000000;1312.9000000;2019-02-11 05:30:00;2019-02-11 06:00:00;True;0.0000000;32.0000000;No weather;
2019-02-12 00:01:21;2019-02-12 07:43:52;80%;74%;;0;3871;Normal;102.5000000;;126.9000000;27751.2000000;22016.0000000;555.0000000;2019-02-12 07:30:00;2019-02-12 08:00:00;True;508.0000000;32.0000000;No weather;
2019-02-12 22:30:40;2019-02-13 05:58:12;82%;73%;;0;1845;Normal;101.9000000;;113.8000000;26852.1000000;22466.3000000;3490.8000000;2019-02-13 05:30:00;2019-02-13 06:00:00;True;156.0000000;32.0000000;No weather;
2019-02-13 23:40:01;2019-02-14 07:31:43;80%;75%;;0;4257;Normal;101.6000000;;128.3000000;28302.2000000;24056.9000000;566.0000000;2019-02-14 07:30:00;2019-02-14 08:00:00;True;571.0000000;32.0000000;No weather;
2019-02-18 23:56:14;2019-02-19 07:39:01;78%;0%;;0;906;Normal;101.8000000;;130.9000000;27767.4000000;26193.9000000;555.3000000;2019-02-19 07:30:00;2019-02-19 08:00:00;True;0.0000000;32.0000000;No weather;
2019-02-19 23:05:35;2019-02-20 05:56:30;80%;79%;;0;5620;Normal;102.0000000;;100.7000000;24655.1000000;21449.9000000;493.1000000;2019-02-20 05:30:00;2019-02-20 06:00:00;True;0.0000000;32.0000000;No weather;
2019-02-20 23:58:31;2019-02-21 07:45:11;71%;78%;;0;2996;Normal;100.7000000;;149.6000000;28000.2000000;23800.2000000;560.0000000;2019-02-21 07:30:00;2019-02-21 08:00:00;True;1433.0000000;32.0000000;No weather;
2019-02-24 23:14:32;2019-02-25 06:28:55;61%;0%;;0;409;Normal;102.0000000;;165.6000000;26062.6000000;20415.7000000;2345.6000000;2019-02-25 06:00:00;2019-02-25 06:30:00;True;0.0000000;32.0000000;No weather;
2019-02-25 23:33:47;2019-02-26 07:58:52;87%;85%;;0;5094;Normal;101.9000000;;128.8000000;30304.6000000;28991.4000000;606.1000000;2019-02-26 07:30:00;2019-02-26 08:00:00;True;0.0000000;32.0000000;No weather;
2019-02-26 23:00:53;2019-02-27 06:15:14;72%;83%;;0;1616;Normal;101.9000000;;134.1000000;26060.7000000;22672.8000000;521.2000000;2019-02-27 06:00:00;2019-02-27 06:30:00;True;249.0000000;32.0000000;No weather;
2019-02-28 00:15:33;2019-02-28 07:26:29;69%;82%;;0;6170;Normal;101.9000000;;143.0000000;25856.3000000;19823.1000000;517.1000000;2019-02-28 07:30:00;2019-02-28 08:00:00;True;685.0000000;32.0000000;No weather;
2019-03-03 23:04:13;2019-03-04 05:59:26;68%;0%;;0;653;Normal;101.5000000;;137.9000000;24912.9000000;19681.2000000;4733.5000000;2019-03-04 05:30:00;2019-03-04 06:00:00;True;501.0000000;32.0000000;No weather;
2019-03-05 00:14:44;2019-03-05 08:00:36;58%;73%;;0;4286;Normal;101.6000000;;187.7000000;27952.3000000;23759.4000000;559.0000000;2019-03-05 07:30:00;2019-03-05 08:00:00;True;561.0000000;32.0000000;No weather;
2019-03-06 00:03:23;2019-03-06 05:51:24;54%;77%;;0;1708;Normal;101.5000000;;149.5000000;20880.3000000;19140.3000000;417.6000000;2019-03-06 05:30:00;2019-03-06 06:00:00;True;576.0000000;32.0000000;No weather;
2019-03-11 00:09:00;2019-03-11 06:00:47;65%;0%;;0;512;Normal;101.4000000;;116.8000000;21107.2000000;16885.8000000;2040.4000000;2019-03-11 05:30:00;2019-03-11 06:00:00;True;0.0000000;32.0000000;No weather;
2019-03-12 01:18:57;2019-03-12 07:44:31;67%;68%;;0;5116;Normal;101.1000000;;129.0000000;23134.8000000;18893.4000000;2005.0000000;2019-03-12 07:30:00;2019-03-12 08:00:00;True;0.0000000;32.0000000;No weather;
2019-03-12 23:32:49;2019-03-13 06:27:32;74%;71%;;0;4211;Normal;100.8000000;;123.3000000;24882.7000000;19574.4000000;4644.8000000;2019-03-13 06:00:00;2019-03-13 06:30:00;True;0.0000000;32.0000000;No weather;
2019-03-14 00:22:27;2019-03-14 07:58:35;75%;74%;;0;4722;Normal;102.1000000;;139.5000000;27367.8000000;25634.5000000;547.4000000;2019-03-14 07:30:00;2019-03-14 08:00:00;True;270.0000000;32.0000000;No weather;
2019-03-17 23:50:42;2019-03-18 06:20:38;77%;0%;;0;627;Normal;101.5000000;;100.3000000;23396.5000000;20277.0000000;2339.7000000;2019-03-18 06:00:00;2019-03-18 06:30:00;True;0.0000000;32.0000000;No weather;
2019-03-19 00:31:19;2019-03-19 07:43:08;73%;83%;;0;4483;Normal;101.4000000;;134.2000000;25909.2000000;23059.2000000;518.2000000;2019-03-19 07:30:00;2019-03-19 08:00:00;True;0.0000000;32.0000000;No weather;
2019-03-20 00:05:56;2019-03-20 06:29:31;82%;85%;;0;1403;Normal;101.3000000;;44.7000000;23014.9000000;19102.4000000;1994.6000000;2019-03-20 06:00:00;2019-03-20 06:30:00;True;0.0000000;32.0000000;No weather;
2019-03-21 00:18:47;2019-03-21 07:50:51;97%;85%;;0;2818;Normal;101.8000000;;53.3000000;27124.2000000;22061.0000000;542.5000000;2019-03-21 07:30:00;2019-03-21 08:00:00;True;0.0000000;32.0000000;No weather;
2019-03-25 00:00:06;2019-03-25 06:24:52;82%;0%;;0;2132;Normal;102.1000000;;61.6000000;23086.1000000;20315.8000000;2770.3000000;2019-03-25 06:00:00;2019-03-25 06:30:00;True;0.0000000;32.0000000;No weather;
2019-03-26 00:35:33;2019-03-26 07:58:34;92%;82%;;0;6217;Normal;101.6000000;;69.1000000;26581.0000000;24100.1000000;1772.1000000;2019-03-26 07:30:00;2019-03-26 08:00:00;True;0.0000000;32.0000000;No weather;
2019-03-26 23:49:03;2019-03-27 06:16:06;82%;81%;;0;2151;Normal;101.3000000;;58.6000000;23222.5000000;18965.0000000;3173.7000000;2019-03-27 06:00:00;2019-03-27 06:30:00;True;0.0000000;32.0000000;No weather;
2019-03-28 00:57:10;2019-03-28 07:40:46;77%;80%;;0;4520;Normal;101.8000000;;89.6000000;24216.0000000;20422.1000000;484.3000000;2019-03-28 07:30:00;2019-03-28 08:00:00;True;0.0000000;32.0000000;No weather;
2019-04-01 00:01:39;2019-04-01 06:18:20;81%;0%;;0;942;Normal;101.6000000;;23.3000000;22601.5000000;18457.9000000;4143.6000000;2019-04-01 06:00:00;2019-04-01 06:30:00;True;0.0000000;32.0000000;No weather;
2019-04-02 00:46:38;2019-04-02 07:46:16;90%;82%;;0;4073;Normal;101.1000000;;41.0000000;25178.0000000;21820.9000000;503.6000000;2019-04-02 07:30:00;2019-04-02 08:00:00;True;0.0000000;32.0000000;No weather;
2019-04-03 00:08:29;2019-04-03 06:25:02;81%;82%;;0;1838;Normal;101.4000000;;35.1000000;22593.1000000;20107.9000000;451.9000000;2019-04-03 06:00:00;2019-04-03 06:30:00;True;0.0000000;32.0000000;No weather;
2019-04-03 23:26:12;2019-04-04 05:57:52;79%;85%;;0;4451;Normal;101.6000000;;61.1000000;23500.5000000;19192.0000000;470.0000000;2019-04-04 05:30:00;2019-04-04 06:00:00;True;0.0000000;32.0000000;No weather;
2019-04-04 23:17:53;2019-04-05 05:37:59;80%;90%;;0;3247;Normal;101.4000000;;39.3000000;22805.5000000;17864.3000000;2128.5000000;2019-04-05 05:30:00;2019-04-05 06:00:00;True;0.0000000;32.0000000;No weather;
2019-04-08 00:03:02;2019-04-08 06:28:16;71%;87%;;0;904;Normal;101.8000000;;87.7000000;23114.1000000;21881.3000000;462.3000000;2019-04-08 06:00:00;2019-04-08 06:30:00;True;0.0000000;32.0000000;No weather;
2019-04-08 23:15:13;2019-04-09 05:58:53;84%;89%;;0;4245;Normal;101.4000000;;39.9000000;24220.0000000;21232.8000000;2341.3000000;2019-04-09 05:30:00;2019-04-09 06:00:00;True;0.0000000;32.0000000;No weather;
2019-04-09 23:36:29;2019-04-10 06:29:28;82%;91%;;0;2159;Normal;101.2000000;;55.6000000;24778.8000000;20318.6000000;991.2000000;2019-04-10 06:00:00;2019-04-10 06:30:00;True;0.0000000;32.0000000;No weather;
2019-04-10 23:11:31;2019-04-11 06:07:09;81%;92%;;0;4057;Normal;101.6000000;;61.1000000;24938.0000000;21779.2000000;2327.6000000;2019-04-11 06:00:00;2019-04-11 06:30:00;True;0.0000000;32.0000000;No weather;
2019-04-11 23:27:22;2019-04-12 06:26:59;85%;94%;;0;2758;Normal;100.7000000;;43.9000000;25177.4000000;20897.3000000;1510.6000000;2019-04-12 06:00:00;2019-04-12 06:30:00;True;0.0000000;32.0000000;No weather;
2019-04-15 23:41:05;2019-04-16 06:23:02;80%;0%;;0;4348;Normal;101.0000000;;52.0000000;24116.8000000;19936.5000000;3135.2000000;2019-04-16 06:00:00;2019-04-16 06:30:00;True;0.0000000;32.0000000;No weather;
2019-04-16 23:11:43;2019-04-17 06:22:20;90%;96%;;0;3404;Normal;101.6000000;;26.6000000;25837.0000000;21530.8000000;2842.1000000;2019-04-17 06:00:00;2019-04-17 06:30:00;True;0.0000000;32.0000000;No weather;
2019-04-17 23:36:38;2019-04-18 06:27:05;79%;96%;;0;5446;Normal;101.8000000;;60.0000000;24626.9000000;20768.7000000;2462.7000000;2019-04-18 06:00:00;2019-04-18 06:30:00;True;0.0000000;32.0000000;No weather;
2019-04-23 00:10:16;2019-04-23 06:03:21;61%;0%;;0;1420;Normal;101.2000000;;101.9000000;21184.6000000;15959.0000000;2683.4000000;2019-04-23 06:00:00;2019-04-23 06:30:00;True;0.0000000;32.0000000;No weather;
2019-04-28 23:42:16;2019-04-29 06:12:46;72%;0%;;0;874;Normal;100.5000000;;76.9000000;23430.0000000;20930.8000000;468.6000000;2019-04-29 06:00:00;2019-04-29 06:30:00;True;0.0000000;32.0000000;No weather;
2019-04-29 23:22:49;2019-04-30 06:15:18;69%;97%;;0;5384;Normal;101.0000000;;114.9000000;24748.8000000;19799.1000000;4949.8000000;2019-04-30 06:00:00;2019-04-30 06:30:00;True;0.0000000;32.0000000;No weather;
2019-04-30 23:36:50;2019-05-01 06:18:45;74%;97%;;0;2566;Normal;101.2000000;;78.7000000;24115.0000000;19372.4000000;482.3000000;2019-05-01 06:00:00;2019-05-01 06:30:00;True;0.0000000;32.0000000;No weather;
2019-05-02 00:15:30;2019-05-02 06:12:07;59%;96%;;0;5314;Normal;101.3000000;;117.7000000;21397.1000000;19186.0000000;427.9000000;2019-05-02 06:00:00;2019-05-02 06:30:00;True;429.0000000;32.0000000;No weather;
2019-05-05 23:35:13;2019-05-06 06:14:04;77%;0%;;0;3232;Normal;100.8000000;;62.6000000;23931.0000000;16193.3000000;6541.1000000;2019-05-06 06:00:00;2019-05-06 06:30:00;True;65.0000000;32.0000000;No weather;
2019-05-06 23:45:09;2019-05-07 06:20:00;71%;98%;;0;5092;Normal;101.2000000;;86.5000000;23691.2000000;20848.3000000;473.8000000;2019-05-07 06:00:00;2019-05-07 06:30:00;True;0.0000000;32.0000000;No weather;
2019-05-07 23:01:28;2019-05-08 06:25:29;78%;95%;;0;2921;Normal;101.2000000;;94.6000000;26641.2000000;23266.6000000;532.8000000;2019-05-08 06:00:00;2019-05-08 06:30:00;True;0.0000000;32.0000000;No weather;
2019-05-08 23:39:58;2019-05-09 06:21:11;72%;95%;;0;6238;Normal;100.8000000;;89.5000000;24073.4000000;23110.4000000;160.5000000;2019-05-09 06:00:00;2019-05-09 06:30:00;True;0.0000000;32.0000000;No weather;
2019-05-13 00:06:03;2019-05-13 06:20:40;66%;0%;;0;1063;Normal;101.1000000;;91.7000000;22476.4000000;20453.5000000;149.8000000;2019-05-13 06:00:00;2019-05-13 06:30:00;True;76.0000000;32.0000000;No weather;
2019-05-13 23:17:17;2019-05-14 06:25:12;76%;93%;;0;4213;Normal;101.2000000;;89.6000000;25674.9000000;22166.0000000;171.2000000;2019-05-14 06:00:00;2019-05-14 06:30:00;True;0.0000000;32.0000000;No weather;
2019-05-14 23:50:46;2019-05-15 06:28:20;56%;94%;;0;2169;Normal;101.0000000;;163.8000000;23854.2000000;21945.9000000;159.0000000;2019-05-15 06:00:00;2019-05-15 06:30:00;True;0.0000000;32.0000000;No weather;
2019-05-16 00:00:14;2019-05-16 06:27:32;64%;95%;;0;5727;Normal;100.8000000;;114.5000000;23237.6000000;20836.4000000;154.9000000;2019-05-16 06:00:00;2019-05-16 06:30:00;True;0.0000000;32.0000000;No weather;
2019-05-16 23:39:21;2019-05-17 06:29:42;76%;97%;;0;4288;Normal;101.3000000;;74.7000000;24620.8000000;22979.4000000;164.1000000;2019-05-17 06:00:00;2019-05-17 06:30:00;True;0.0000000;32.0000000;No weather;
2019-05-22 00:06:22;2019-05-22 06:27:18;73%;0%;;0;3045;Normal;100.7000000;;64.2000000;22855.8000000;19046.5000000;152.4000000;2019-05-22 06:00:00;2019-05-22 06:30:00;True;0.0000000;32.0000000;No weather;
2019-05-24 00:25:00;2019-05-24 06:05:29;66%;94%;;0;2379;Normal;101.5000000;;58.4000000;20429.1000000;19135.3000000;136.2000000;2019-05-24 06:00:00;2019-05-24 06:30:00;True;0.0000000;32.0000000;No weather;
2019-05-28 23:33:48;2019-05-29 06:19:48;75%;0%;;0;1427;Normal;100.9000000;;76.2000000;24360.3000000;21193.5000000;162.4000000;2019-05-29 06:00:00;2019-05-29 06:30:00;True;0.0000000;32.0000000;No weather;
2019-06-03 00:19:27;2019-06-03 06:13:21;60%;0%;;0;1514;Normal;100.7000000;;106.5000000;21234.6000000;17483.2000000;141.6000000;2019-06-03 06:00:00;2019-06-03 06:30:00;True;750.0000000;32.0000000;No weather;
2019-06-05 00:07:12;2019-06-05 06:16:39;58%;98%;;0;776;Normal;100.9000000;;132.0000000;22166.5000000;20541.0000000;147.8000000;2019-06-05 06:00:00;2019-06-05 06:30:00;True;0.0000000;32.0000000;No weather;
2019-06-06 00:25:52;2019-06-06 08:34:05;76%;88%;;0;5417;Normal;100.9000000;;135.6000000;29293.1000000;25094.4000000;195.3000000;2019-06-06 08:05:00;2019-06-06 08:35:00;True;0.0000000;32.0000000;No weather;
2019-06-24 01:18:38;2019-06-24 07:55:05;70%;0%;;0;1198;Normal;100.8000000;;93.3000000;23786.8000000;19743.0000000;1665.1000000;2019-06-24 07:30:00;2019-06-24 08:00:00;True;0.0000000;32.0000000;No weather;
2019-06-26 00:02:31;2019-06-26 07:39:40;72%;87%;;0;2362;Normal;100.8000000;;131.1000000;27429.0000000;25326.1000000;182.9000000;2019-06-26 07:30:00;2019-06-26 08:00:00;True;0.0000000;32.0000000;No weather;
2019-06-27 00:02:05;2019-06-27 06:17:13;67%;88%;;0;4421;Normal;101.1000000;;90.6000000;22508.1000000;18231.5000000;1725.6000000;2019-06-27 06:00:00;2019-06-27 06:30:00;True;0.0000000;32.0000000;No weather;
2019-06-30 23:47:03;2019-07-01 06:08:55;67%;0%;;0;2839;Normal;101.0000000;;97.3000000;22912.9000000;20927.1000000;1374.8000000;2019-07-01 06:00:00;2019-07-01 06:45:00;True;0.0000000;32.0000000;No weather;
2019-07-02 00:29:05;2019-07-02 06:55:33;65%;88%;;0;5619;Normal;100.8000000;;107.3000000;23187.3000000;20250.2000000;154.6000000;2019-07-02 06:15:00;2019-07-02 07:00:00;True;0.0000000;32.0000000;No weather;
2019-07-03 00:00:28;2019-07-03 06:44:31;72%;91%;;0;3811;Normal;100.7000000;;91.0000000;24243.1000000;20040.9000000;161.6000000;2019-07-03 06:15:00;2019-07-03 07:00:00;True;0.0000000;32.0000000;No weather;
2019-07-08 00:42:51;2019-07-08 08:05:08;64%;0%;;0;1149;Normal;101.0000000;;151.7000000;26536.8000000;23617.7000000;176.9000000;2019-07-08 07:45:00;2019-07-08 08:30:00;True;0.0000000;32.0000000;No weather;
2019-07-08 23:52:34;2019-07-09 06:26:10;62%;79%;;0;4142;Normal;101.1000000;;131.1000000;23615.5000000;21253.9000000;157.4000000;2019-07-09 06:15:00;2019-07-09 07:00:00;True;0.0000000;32.0000000;No weather;
2019-07-09 23:45:47;2019-07-10 07:00:04;67%;87%;;0;5001;Normal;101.2000000;;135.3000000;26056.7000000;25883.0000000;173.7000000;2019-07-10 06:15:00;2019-07-10 07:00:00;True;1254.0000000;32.0000000;No weather;
2019-07-10 23:37:02;2019-07-11 06:16:37;72%;89%;;0;5526;Normal;101.1000000;;88.9000000;23975.4000000;19659.8000000;159.8000000;2019-07-11 06:05:00;2019-07-11 06:50:00;True;0.0000000;32.0000000;No weather;
2019-07-15 01:08:59;2019-07-15 07:45:58;70%;0%;;0;701;Normal;100.9000000;;97.4000000;23819.1000000;19690.4000000;1984.9000000;2019-07-15 07:30:00;2019-07-15 08:15:00;True;0.0000000;32.0000000;No weather;
2019-07-16 00:27:33;2019-07-16 06:33:18;64%;84%;;0;3907;Normal;100.7000000;;96.3000000;21945.0000000;16312.5000000;146.3000000;2019-07-16 06:25:00;2019-07-16 07:10:00;True;0.0000000;32.0000000;No weather;
2019-07-16 23:44:04;2019-07-17 06:42:10;71%;88%;;0;6676;Normal;100.7000000;;108.3000000;25085.3000000;24249.2000000;167.2000000;2019-07-17 06:25:00;2019-07-17 07:10:00;True;0.0000000;32.0000000;No weather;
2019-07-17 23:17:27;2019-07-18 07:07:48;84%;90%;;0;6938;Normal;101.1000000;;89.3000000;28220.7000000;23611.3000000;188.1000000;2019-07-18 06:25:00;2019-07-18 07:10:00;True;0.0000000;32.0000000;No weather;
2019-07-21 00:23:05;2019-07-21 06:17:15;69%;84%;;0;737;Normal;100.6000000;;58.4000000;21249.8000000;18770.7000000;141.7000000;2019-07-21 06:00:00;2019-07-21 06:45:00;True;0.0000000;32.0000000;No weather;
2019-07-22 00:15:47;2019-07-22 06:20:28;67%;99%;;0;2201;Normal;101.0000000;;80.0000000;21880.8000000;19692.7000000;145.9000000;2019-07-22 06:00:00;2019-07-22 06:45:00;True;0.0000000;32.0000000;No weather;
2019-07-22 06:20:42;2019-07-22 07:27:27;14%;0%;;0;48;Normal;101.1000000;;0.0000000;4005.4000000;3978.7000000;26.7000000;2019-07-22 07:05:00;2019-07-22 07:50:00;True;0.0000000;32.0000000;No weather;
2019-07-22 23:40:59;2019-07-23 06:13:21;72%;96%;;0;6053;Normal;101.2000000;;80.4000000;23541.6000000;22050.6000000;156.9000000;2019-07-23 06:05:00;2019-07-23 06:50:00;True;0.0000000;32.0000000;No weather;
2019-07-23 23:53:50;2019-07-24 06:07:00;68%;97%;;0;5336;Normal;101.1000000;;82.5000000;22389.3000000;17538.3000000;4851.0000000;2019-07-24 05:55:00;2019-07-24 06:40:00;True;0.0000000;32.0000000;No weather;
2019-07-24 23:36:57;2019-07-25 06:04:58;79%;96%;;0;5429;Normal;101.1000000;;45.8000000;23280.7000000;21961.4000000;155.2000000;2019-07-25 05:55:00;2019-07-25 06:40:00;True;0.0000000;32.0000000;No weather;
2019-08-18 22:23:40;2019-08-19 05:58:42;92%;0%;;0;1557;Normal;100.8000000;;43.6000000;27302.3000000;24572.1000000;182.0000000;2019-08-19 05:15:00;2019-08-19 06:00:00;True;0.0000000;32.0000000;No weather;
2019-08-19 22:31:17;2019-08-20 05:39:07;92%;96%;;0;1730;Normal;100.8000000;;9.8000000;25670.8000000;24045.0000000;1625.8000000;2019-08-20 05:15:00;2019-08-20 06:00:00;True;0.0000000;32.0000000;No weather;
2019-08-20 22:38:06;2019-08-21 05:35:52;90%;97%;;0;6511;Normal;100.6000000;;5.6000000;25066.2000000;24230.6000000;167.1000000;2019-08-21 05:15:00;2019-08-21 06:00:00;True;0.0000000;32.0000000;No weather;
2019-08-21 22:19:29;2019-08-22 06:30:45;100%;95%;;0;4809;Normal;100.3000000;;6.1000000;29475.5000000;27117.5000000;2358.0000000;2019-08-22 05:45:00;2019-08-22 06:30:00;True;0.0000000;32.0000000;No weather;
2019-08-25 22:36:44;2019-08-26 06:01:43;95%;0%;;0;917;Normal;101.0000000;;10.0000000;26699.3000000;24296.4000000;178.0000000;2019-08-26 05:15:00;2019-08-26 06:00:00;True;0.0000000;32.0000000;No weather;
2019-08-27 00:13:39;2019-08-27 06:50:25;85%;80%;;0;4767;Normal;100.6000000;;8.1000000;23805.9000000;23647.2000000;158.7000000;2019-08-27 06:15:00;2019-08-27 07:00:00;True;0.0000000;32.0000000;No weather;
2019-08-27 22:05:04;2019-08-28 05:37:52;92%;76%;;0;3693;Normal;100.7000000;;29.4000000;27168.0000000;24722.9000000;2445.1000000;2019-08-28 05:15:00;2019-08-28 06:00:00;True;0.0000000;32.0000000;No weather;
2019-08-28 22:48:41;2019-08-29 05:37:41;87%;82%;;0;4672;Normal;101.0000000;;7.9000000;24540.1000000;24376.5000000;163.6000000;2019-08-29 05:15:00;2019-08-29 06:00:00;True;0.0000000;32.0000000;No weather;
2019-09-03 00:30:54;2019-09-03 06:30:02;72%;0%;;0;2576;Normal;101.0000000;;37.0000000;21548.0000000;19321.4000000;143.7000000;2019-09-03 06:15:00;2019-09-03 07:00:00;True;0.0000000;32.0000000;No weather;
2019-09-04 22:37:08;2019-09-05 05:39:11;90%;80%;;0;3620;Normal;100.9000000;;7.1000000;25322.4000000;24056.3000000;1266.1000000;2019-09-05 05:15:00;2019-09-05 06:00:00;True;0.0000000;32.0000000;No weather;
2019-09-05 23:31:24;2019-09-06 06:52:47;90%;81%;;0;4697;Normal;101.2000000;;24.5000000;26483.0000000;26306.4000000;176.6000000;2019-09-06 06:15:00;2019-09-06 07:00:00;True;0.0000000;32.0000000;No weather;
2019-09-08 22:39:23;2019-09-09 05:36:05;87%;82%;;0;1753;Normal;100.7000000;;9.2000000;25002.1000000;23501.9000000;1500.1000000;2019-09-09 05:15:00;2019-09-09 06:00:00;True;0.0000000;32.0000000;No weather;
2019-09-09 23:11:46;2019-09-10 05:28:28;79%;94%;;0;4186;Normal;100.7000000;;7.8000000;22602.1000000;22451.4000000;150.7000000;2019-09-10 05:15:00;2019-09-10 06:00:00;True;0.0000000;32.0000000;No weather;
2019-09-10 22:05:05;2019-09-11 05:41:20;94%;92%;;0;4964;Normal;100.8000000;;16.9000000;27374.7000000;22629.7000000;1460.0000000;2019-09-11 05:15:00;2019-09-11 06:00:00;True;0.0000000;32.0000000;No weather;
2019-09-11 22:29:33;2019-09-12 05:23:20;85%;93%;;0;5218;Normal;101.2000000;;12.2000000;24827.3000000;22592.8000000;1489.6000000;2019-09-12 05:10:00;2019-09-12 05:55:00;True;0.0000000;32.0000000;No weather;
2019-09-12 22:48:17;2019-09-13 05:47:56;88%;92%;;0;3705;Normal;101.2000000;;4.8000000;25178.8000000;25011.0000000;167.9000000;2019-09-13 05:10:00;2019-09-13 05:55:00;True;0.0000000;32.0000000;No weather;
2019-09-15 22:34:07;2019-09-16 05:29:09;87%;95%;;0;902;Normal;100.9000000;;4.5000000;24902.0000000;24736.0000000;166.0000000;2019-09-16 05:10:00;2019-09-16 05:55:00;True;0.0000000;32.0000000;No weather;
2019-09-16 22:18:31;2019-09-17 05:13:08;85%;96%;;0;3173;Normal;100.9000000;;13.6000000;24877.3000000;22223.7000000;1078.0000000;2019-09-17 05:05:00;2019-09-17 05:50:00;True;0.0000000;32.0000000;No weather;
2019-09-17 23:31:21;2019-09-18 06:10:21;81%;89%;;0;3178;Normal;100.9000000;;15.6000000;23940.5000000;20987.8000000;957.6000000;2019-09-18 06:05:00;2019-09-18 06:50:00;True;0.0000000;32.0000000;No weather;
2019-09-18 22:37:16;2019-09-19 05:43:24;80%;89%;;0;2914;Normal;100.8000000;;52.6000000;25567.4000000;21476.6000000;1107.9000000;2019-09-19 05:05:00;2019-09-19 05:50:00;True;0.0000000;32.0000000;No weather;
2019-09-19 23:09:40;2019-09-20 05:14:11;66%;87%;;0;8559;Normal;100.6000000;;64.2000000;21870.9000000;19392.2000000;145.8000000;2019-09-20 05:05:00;2019-09-20 05:50:00;True;0.0000000;32.0000000;No weather;
2019-09-22 22:33:32;2019-09-23 05:28:25;83%;93%;;0;754;Normal;101.1000000;;20.8000000;24893.0000000;23731.3000000;166.0000000;2019-09-23 04:55:00;2019-09-23 05:40:00;True;0.0000000;32.0000000;No weather;
2019-09-23 22:35:46;2019-09-24 05:20:31;80%;99%;;0;3343;Normal;101.0000000;;26.4000000;24285.8000000;21533.4000000;161.9000000;2019-09-24 04:55:00;2019-09-24 05:40:00;True;0.0000000;32.0000000;No weather;
2019-09-24 22:35:13;2019-09-25 05:10:01;76%;99%;;0;7312;Normal;100.9000000;;39.1000000;23687.8000000;22266.6000000;1421.3000000;2019-09-25 04:55:00;2019-09-25 05:40:00;True;0.0000000;32.0000000;No weather;
2019-09-25 22:23:48;2019-09-26 05:15:38;82%;98%;;0;5184;Normal;101.2000000;;23.7000000;24709.9000000;23556.7000000;164.7000000;2019-09-26 04:55:00;2019-09-26 05:40:00;True;0.0000000;32.0000000;No weather;
2019-09-27 01:02:39;2019-09-27 06:30:55;65%;88%;;0;7669;Normal;100.9000000;;22.9000000;19695.5000000;15953.4000000;131.3000000;2019-09-27 06:05:00;2019-09-27 06:50:00;True;0.0000000;32.0000000;No weather;
2019-09-29 22:35:53;2019-09-30 05:01:41;70%;67%;;0;3865;Normal;100.8000000;;59.1000000;23148.8000000;20139.5000000;154.3000000;2019-09-30 04:55:00;2019-09-30 05:40:00;True;0.0000000;32.0000000;No weather;
2019-09-30 23:03:40;2019-10-01 05:34:11;75%;92%;;0;4439;Normal;100.7000000;;39.0000000;23431.0000000;17651.4000000;2265.0000000;2019-10-01 04:55:00;2019-10-01 05:40:00;True;0.0000000;32.0000000;No weather;
2019-10-01 22:36:15;2019-10-02 05:34:26;79%;94%;;0;6153;Normal;101.0000000;;44.6000000;25091.2000000;24171.2000000;167.3000000;2019-10-02 04:55:00;2019-10-02 05:40:00;True;0.0000000;32.0000000;No weather;
2019-10-02 22:39:54;2019-10-03 05:07:46;78%;95%;;0;2783;Normal;101.2000000;;14.6000000;23271.4000000;22030.2000000;155.1000000;2019-10-03 04:55:00;2019-10-03 05:40:00;True;0.0000000;32.0000000;No weather;
2019-10-06 23:02:11;2019-10-07 05:32:49;70%;0%;;0;1105;Normal;101.4000000;;66.0000000;23438.2000000;22656.9000000;156.3000000;2019-10-07 04:50:00;2019-10-07 05:35:00;True;0.0000000;32.0000000;No weather;
2019-10-07 22:07:20;2019-10-08 05:25:13;84%;91%;;0;3968;Normal;100.9000000;;35.9000000;26273.4000000;24784.5000000;175.2000000;2019-10-08 04:50:00;2019-10-08 05:35:00;True;0.0000000;32.0000000;No weather;
2019-10-08 22:47:20;2019-10-09 05:13:45;76%;92%;;0;7478;Normal;100.7000000;;21.8000000;23184.6000000;21407.1000000;154.6000000;2019-10-09 04:50:00;2019-10-09 05:35:00;True;0.0000000;32.0000000;No weather;
2019-10-09 22:50:28;2019-10-10 04:58:21;67%;94%;;0;4701;Normal;100.5000000;;60.0000000;22073.2000000;16039.8000000;147.2000000;2019-10-10 04:50:00;2019-10-10 05:35:00;True;0.0000000;32.0000000;No weather;
2019-10-11 00:44:13;2019-10-11 06:00:13;60%;89%;;0;5005;Normal;101.4000000;;37.4000000;18959.8000000;18264.6000000;126.4000000;2019-10-11 05:15:00;2019-10-11 06:00:00;True;0.0000000;32.0000000;No weather;
2019-10-13 03:29:22;2019-10-13 10:00:29;67%;60%;;0;7555;No alarm;100.8000000;;82.8000000;23467.1000000;19634.1000000;156.4000000;;;True;0.0000000;32.0000000;No weather;
2019-10-13 23:07:05;2019-10-14 05:36:52;80%;35%;;0;3721;Normal;100.9000000;;5.1000000;23387.4000000;23231.4000000;155.9000000;2019-10-14 04:50:00;2019-10-14 05:35:00;True;0.0000000;32.0000000;No weather;
2019-10-14 22:33:19;2019-10-15 05:02:15;74%;59%;;0;3938;Normal;101.2000000;;34.5000000;23336.6000000;21858.6000000;155.6000000;2019-10-15 04:50:00;2019-10-15 05:35:00;True;0.0000000;32.0000000;No weather;
2019-10-15 22:33:32;2019-10-16 05:34:32;85%;71%;;0;7262;Normal;101.3000000;;7.3000000;25260.3000000;23407.9000000;1852.4000000;2019-10-16 04:50:00;2019-10-16 05:35:00;True;0.0000000;32.0000000;No weather;
2019-10-16 23:06:50;2019-10-17 04:57:30;70%;92%;;0;4375;Normal;100.7000000;;14.2000000;21039.8000000;20408.6000000;140.3000000;2019-10-17 04:50:00;2019-10-17 05:35:00;True;0.0000000;32.0000000;No weather;
2019-10-19 01:38:26;2019-10-19 06:31:25;44%;78%;;0;2172;Normal;96.9000000;;128.6000000;17579.1000000;16934.5000000;117.2000000;2019-10-19 06:15:00;2019-10-19 07:00:00;True;2846.0000000;32.0000000;No weather;
2019-10-21 00:33:42;2019-10-21 06:21:03;66%;90%;;0;2916;Normal;101.5000000;;35.2000000;20841.0000000;20007.4000000;138.9000000;2019-10-21 05:45:00;2019-10-21 06:30:00;True;0.0000000;32.0000000;No weather;
2019-10-22 22:33:11;2019-10-23 04:48:38;71%;54%;;0;8834;Normal;101.4000000;;37.5000000;22527.4000000;20725.2000000;150.2000000;2019-10-23 04:45:00;2019-10-23 05:30:00;True;0.0000000;32.0000000;No weather;
2019-10-23 22:53:26;2019-10-24 04:55:05;72%;68%;;0;6534;Normal;101.1000000;;13.7000000;21698.9000000;19239.7000000;723.3000000;2019-10-24 04:45:00;2019-10-24 05:30:00;True;0.0000000;32.0000000;No weather;
2019-10-24 23:29:24;2019-10-25 06:52:55;85%;79%;;0;7654;Normal;102.0000000;;32.8000000;26610.1000000;24303.9000000;177.4000000;2019-10-25 06:45:00;2019-10-25 07:30:00;True;0.0000000;32.0000000;No weather;
2019-10-25 22:42:30;2019-10-26 09:19:54;99%;83%;;0;4544;No alarm;101.2000000;;49.8000000;38244.0000000;33909.7000000;255.0000000;;;True;0.0000000;32.0000000;No weather;
2019-10-27 22:27:56;2019-10-28 05:22:44;82%;69%;;0;819;Normal;101.1000000;;15.9000000;24887.3000000;22481.5000000;2405.8000000;2019-10-28 04:50:00;2019-10-28 05:35:00;True;0.0000000;32.0000000;No weather;
2019-10-28 22:59:12;2019-10-29 05:12:55;64%;80%;;0;2509;Normal;101.5000000;;78.4000000;22422.9000000;16293.9000000;3512.9000000;2019-10-29 04:50:00;2019-10-29 05:35:00;True;0.0000000;32.0000000;No weather;
2019-10-29 23:42:25;2019-10-30 05:36:03;54%;93%;;0;7397;Normal;101.5000000;;126.1000000;21217.9000000;18318.1000000;141.5000000;2019-10-30 04:50:00;2019-10-30 05:35:00;True;66.0000000;32.0000000;No weather;
2019-10-30 05:36:32;2019-10-30 06:30:51;11%;0%;;0;7397;Normal;102.3000000;;0.0000000;3259.3000000;3237.6000000;21.7000000;2019-10-31 04:50:00;2019-10-31 05:35:00;True;0.0000000;32.0000000;No weather;
2019-10-30 23:14:29;2019-10-31 04:58:02;69%;92%;;0;4199;Normal;102.6000000;;8.4000000;20613.6000000;20476.2000000;137.4000000;2019-10-31 04:50:00;2019-10-31 05:35:00;True;0.0000000;32.0000000;No weather;
2019-10-31 23:32:53;2019-11-01 05:23:03;61%;92%;;0;6482;Normal;102.1000000;;71.9000000;21010.4000000;18769.3000000;140.1000000;2019-11-01 04:45:00;2019-11-01 05:30:00;True;523.0000000;32.0000000;No weather;
2019-11-03 22:33:06;2019-11-04 05:19:52;61%;100%;;0;4217;Normal;101.3000000;;126.2000000;24406.3000000;21965.7000000;162.7000000;2019-11-04 04:45:00;2019-11-04 05:30:00;True;0.0000000;32.0000000;No weather;
2019-11-04 23:09:20;2019-11-05 05:17:43;64%;96%;;0;3372;Normal;101.5000000;;74.6000000;22102.6000000;16355.9000000;147.4000000;2019-11-05 04:45:00;2019-11-05 05:30:00;True;0.0000000;32.0000000;No weather;
2019-11-05 22:21:21;2019-11-06 05:10:30;66%;94%;;0;8293;Normal;101.4000000;;102.2000000;24548.6000000;20211.7000000;163.7000000;2019-11-06 04:45:00;2019-11-06 05:30:00;True;0.0000000;32.0000000;No weather;
2019-11-06 22:28:45;2019-11-07 05:18:22;83%;96%;;0;5774;Normal;101.4000000;;3.3000000;24577.9000000;24414.0000000;163.9000000;2019-11-07 04:45:00;2019-11-07 05:30:00;True;0.0000000;32.0000000;No weather;
2019-11-11 22:37:24;2019-11-12 02:00:15;31%;0%;;0;2960;Normal;101.6000000;;125.2000000;12170.7000000;11602.7000000;81.1000000;2019-11-12 04:45:00;2019-11-12 05:30:00;True;0.0000000;32.0000000;No weather;
2019-11-12 02:01:52;2019-11-12 05:27:46;36%;0%;;0;2969;Normal;101.7000000;;69.7000000;12354.2000000;8236.1000000;3706.3000000;2019-11-12 04:45:00;2019-11-12 05:30:00;True;0.0000000;32.0000000;No weather;
2019-11-12 05:32:59;2019-11-12 06:08:53;7%;0%;;0;2969;Normal;101.7000000;;0.0000000;2153.9000000;2139.5000000;14.4000000;2019-11-12 05:45:00;2019-11-12 06:30:00;True;0.0000000;32.0000000;No weather;
2019-11-12 22:28:28;2019-11-13 05:26:59;76%;70%;;0;6762;Normal;101.5000000;;62.8000000;25111.2000000;20758.6000000;167.4000000;2019-11-13 04:45:00;2019-11-13 05:30:00;True;0.0000000;32.0000000;No weather;
2019-11-13 22:40:33;2019-11-14 05:13:47;69%;83%;;0;6103;Normal;101.4000000;;66.7000000;23594.5000000;19819.4000000;157.3000000;2019-11-14 04:45:00;2019-11-14 05:30:00;True;0.0000000;32.0000000;No weather;
2019-11-15 01:00:04;2019-11-15 07:12:54;66%;77%;;0;10462;Normal;101.5000000;;63.5000000;22370.7000000;18791.4000000;149.1000000;2019-11-15 06:45:00;2019-11-15 07:30:00;True;92.0000000;32.0000000;No weather;
2019-11-18 00:41:56;2019-11-18 06:31:00;67%;92%;;0;601;Normal;101.5000000;;30.3000000;20944.6000000;18082.2000000;139.6000000;2019-11-18 06:10:00;2019-11-18 06:55:00;True;0.0000000;32.0000000;No weather;
2019-11-19 00:39:20;2019-11-19 06:46:23;68%;98%;;0;3161;Normal;101.0000000;;47.3000000;22023.1000000;19380.3000000;146.8000000;2019-11-19 06:10:00;2019-11-19 06:55:00;True;0.0000000;32.0000000;No weather;
2019-11-19 22:22:44;2019-11-20 04:52:10;72%;81%;;0;7064;Normal;100.1000000;;29.5000000;23365.6000000;19237.7000000;1090.4000000;2019-11-20 04:45:00;2019-11-20 05:30:00;True;0.0000000;32.0000000;No weather;
2019-11-20 22:33:39;2019-11-21 05:25:23;71%;86%;;0;7350;Normal;100.8000000;;75.4000000;24703.7000000;20668.8000000;164.7000000;2019-11-21 04:45:00;2019-11-21 05:30:00;True;0.0000000;32.0000000;No weather;
2019-11-21 05:25:33;2019-11-21 06:20:48;11%;0%;;0;7350;Normal;101.0000000;;0.0000000;3314.6000000;3292.5000000;22.1000000;2019-11-21 06:00:00;2019-11-21 06:45:00;True;0.0000000;32.0000000;No weather;
2019-11-21 23:30:54;2019-11-22 08:01:01;93%;76%;;0;5328;Normal;101.9000000;;50.4000000;30607.5000000;26526.5000000;204.0000000;2019-11-22 07:15:00;2019-11-22 08:00:00;True;0.0000000;32.0000000;No weather;
2019-12-03 00:46:33;2019-12-03 06:55:58;66%;0%;;0;3378;Normal;102.0000000;;60.6000000;22164.8000000;19135.6000000;147.8000000;2019-12-03 06:15:00;2019-12-03 07:00:00;True;219.0000000;32.0000000;No weather;
2019-12-04 00:27:29;2019-12-04 06:39:44;59%;95%;;0;4604;Normal;101.7000000;;106.6000000;22335.3000000;18687.2000000;148.9000000;2019-12-04 06:15:00;2019-12-04 07:00:00;True;565.0000000;32.0000000;No weather;
2019-12-04 23:47:14;2019-12-05 06:47:42;71%;94%;;0;4597;Normal;101.8000000;;81.9000000;25227.4000000;19256.9000000;168.2000000;2019-12-05 06:05:00;2019-12-05 06:50:00;True;97.0000000;32.0000000;No weather;
2019-12-06 01:45:31;2019-12-06 08:03:26;73%;87%;;0;2982;Normal;101.9000000;;27.7000000;22675.6000000;20483.7000000;151.2000000;2019-12-06 07:30:00;2019-12-06 08:15:00;True;0.0000000;32.0000000;No weather;
2019-12-09 00:56:14;2019-12-09 07:22:36;66%;87%;;0;1181;Normal;101.6000000;;76.5000000;23181.7000000;18622.7000000;154.5000000;2019-12-09 07:30:00;2019-12-09 08:15:00;True;0.0000000;32.0000000;No weather;
2019-12-10 00:22:21;2019-12-10 06:49:07;61%;91%;;0;3205;Normal;102.1000000;;106.0000000;23206.4000000;19338.7000000;154.7000000;2019-12-10 06:05:00;2019-12-10 06:50:00;True;517.0000000;32.0000000;No weather;
2019-12-11 00:25:37;2019-12-11 07:06:33;74%;94%;;0;4051;Normal;102.3000000;;49.1000000;24055.8000000;21008.8000000;160.4000000;2019-12-11 06:40:00;2019-12-11 07:25:00;True;66.0000000;32.0000000;No weather;
2019-12-11 23:13:11;2019-12-12 07:06:37;77%;93%;;0;3865;Normal;102.3000000;;97.4000000;28405.9000000;20546.9000000;189.4000000;2019-12-12 06:35:00;2019-12-12 07:20:00;True;67.0000000;32.0000000;No weather;
2020-01-05 23:13:23;2020-01-06 06:51:10;79%;0%;;0;1751;Normal;102.7000000;;75.0000000;27467.5000000;22065.6000000;183.1000000;2020-01-06 06:05:00;2020-01-06 06:50:00;True;0.0000000;32.0000000;No weather;
2020-01-06 23:46:26;2020-01-07 06:48:28;80%;95%;;0;4653;Normal;102.6000000;;38.5000000;25321.4000000;22958.1000000;844.0000000;2020-01-07 06:05:00;2020-01-07 06:50:00;True;81.0000000;32.0000000;No weather;
2020-01-07 23:55:48;2020-01-08 06:43:49;75%;97%;;0;5880;Normal;101.7000000;;48.0000000;24480.6000000;18360.4000000;3100.9000000;2020-01-08 06:05:00;2020-01-08 06:50:00;True;0.0000000;32.0000000;No weather;
2020-01-08 23:52:38;2020-01-09 06:50:39;70%;97%;;0;6336;Normal;101.3000000;;83.4000000;25080.2000000;20900.1000000;167.2000000;2020-01-09 06:05:00;2020-01-09 06:50:00;True;0.0000000;32.0000000;No weather;
2020-01-09 23:26:24;2020-01-10 06:50:34;85%;98%;;0;5511;Normal;101.6000000;;30.0000000;26650.2000000;25673.1000000;177.7000000;2020-01-10 06:05:00;2020-01-10 06:50:00;True;0.0000000;32.0000000;No weather;
2020-01-11 02:13:10;2020-01-11 07:34:57;61%;89%;;0;6089;Normal;102.1000000;;37.4000000;19306.9000000;18341.6000000;128.7000000;2020-01-11 07:05:00;2020-01-11 07:50:00;True;0.0000000;32.0000000;No weather;
2020-01-12 23:03:59;2020-01-13 06:50:14;75%;69%;;0;3020;Normal;101.7000000;;101.6000000;27975.6000000;24245.5000000;1212.3000000;2020-01-13 06:05:00;2020-01-13 06:50:00;True;0.0000000;32.0000000;No weather;
2020-01-13 22:39:46;2020-01-14 06:46:04;84%;82%;;0;6317;Normal;101.9000000;;74.9000000;29177.6000000;25481.8000000;194.5000000;2020-01-14 06:05:00;2020-01-14 06:50:00;True;1771.0000000;32.0000000;No weather;
2020-01-14 23:32:23;2020-01-15 06:39:06;74%;94%;;0;6238;Normal;101.7000000;;72.9000000;25602.4000000;22444.8000000;170.7000000;2020-01-15 06:05:00;2020-01-15 06:50:00;True;0.0000000;32.0000000;No weather;
2020-01-15 22:58:11;2020-01-16 06:36:56;87%;94%;;0;7521;Normal;101.7000000;;37.8000000;27525.1000000;23579.8000000;183.5000000;2020-01-16 06:05:00;2020-01-16 06:50:00;True;0.0000000;32.0000000;No weather;
2020-01-16 23:17:28;2020-01-17 06:48:02;85%;94%;;0;6709;Normal;101.8000000;;38.5000000;27033.2000000;22978.2000000;1441.8000000;2020-01-17 06:05:00;2020-01-17 06:50:00;True;0.0000000;32.0000000;No weather;
2020-01-20 23:23:40;2020-01-21 06:51:05;72%;0%;;0;1555;Normal;101.8000000;;98.6000000;26844.9000000;22281.3000000;1789.7000000;2020-01-21 06:05:00;2020-01-21 06:50:00;True;1734.0000000;32.0000000;No weather;
2020-01-21 23:34:02;2020-01-22 06:45:42;81%;98%;;0;8573;Normal;102.1000000;;40.3000000;25900.5000000;21065.8000000;1208.7000000;2020-01-22 06:05:00;2020-01-22 06:50:00;True;0.0000000;32.0000000;No weather;
2020-01-23 00:08:37;2020-01-23 06:30:43;71%;95%;;0;4896;Normal;102.1000000;;43.2000000;22925.3000000;16811.9000000;2674.6000000;2020-01-23 06:05:00;2020-01-23 06:50:00;True;0.0000000;32.0000000;No weather;
2020-01-23 23:53:45;2020-01-24 06:50:48;70%;95%;;0;6259;Normal;101.7000000;;85.8000000;25023.3000000;20852.8000000;166.8000000;2020-01-24 06:05:00;2020-01-24 06:50:00;True;628.0000000;32.0000000;No weather;
2020-01-27 00:06:09;2020-01-27 06:48:50;69%;98%;;0;1747;Normal;101.8000000;;78.6000000;24161.1000000;19248.3000000;2818.8000000;2020-01-27 06:05:00;2020-01-27 06:50:00;True;0.0000000;32.0000000;No weather;
2020-01-27 23:42:15;2020-01-28 06:50:46;63%;96%;;0;5800;Normal;102.2000000;;129.1000000;25711.5000000;19540.8000000;171.4000000;2020-01-28 06:05:00;2020-01-28 06:50:00;True;0.0000000;32.0000000;No weather;
2020-01-28 23:58:17;2020-01-29 06:48:33;66%;97%;;0;5189;Normal;101.5000000;;97.3000000;24616.3000000;21990.5000000;164.1000000;2020-01-29 06:05:00;2020-01-29 06:50:00;True;71.0000000;32.0000000;No weather;
2020-01-29 23:40:57;2020-01-30 06:44:20;74%;97%;;0;3684;Normal;101.8000000;;67.2000000;25402.4000000;22862.2000000;169.3000000;2020-01-30 06:05:00;2020-01-30 06:50:00;True;0.0000000;32.0000000;No weather;
2020-01-31 00:06:41;2020-01-31 06:45:51;63%;97%;;0;5895;Normal;102.2000000;;105.5000000;23950.2000000;21315.6000000;159.7000000;2020-01-31 06:05:00;2020-01-31 06:50:00;True;124.0000000;32.0000000;No weather;
2020-02-02 23:16:36;2020-02-03 06:43:19;75%;93%;;0;1232;Normal;100.6000000;;84.5000000;26803.2000000;24212.3000000;178.7000000;2020-02-03 06:05:00;2020-02-03 06:50:00;True;74.0000000;32.0000000;No weather;
2020-02-03 23:35:52;2020-02-04 06:40:13;75%;97%;;0;7526;Normal;101.8000000;;63.1000000;25460.8000000;24272.7000000;169.7000000;2020-02-04 06:05:00;2020-02-04 06:50:00;True;0.0000000;32.0000000;No weather;
2020-02-04 23:01:10;2020-02-05 06:30:26;75%;95%;;0;6369;Normal;102.3000000;;85.3000000;26955.6000000;22013.7000000;179.7000000;2020-02-05 06:05:00;2020-02-05 06:50:00;True;0.0000000;32.0000000;No weather;
2020-02-05 23:52:34;2020-02-06 06:24:23;68%;94%;;0;4333;Normal;102.0000000;;74.1000000;23509.4000000;20453.2000000;1880.8000000;2020-02-06 06:05:00;2020-02-06 06:50:00;True;0.0000000;32.0000000;No weather;
2020-02-17 22:53:38;2020-02-18 05:44:17;59%;0%;;0;1497;Normal;101.3000000;;137.0000000;24639.4000000;20286.4000000;492.8000000;2020-02-18 05:00:00;2020-02-18 05:45:00;True;0.0000000;32.0000000;No weather;
2020-02-19 01:17:52;2020-02-19 09:42:52;80%;47%;;0;5276;Normal;101.5000000;;103.9000000;30300.2000000;27674.2000000;606.0000000;2020-02-19 09:00:00;2020-02-19 09:45:00;True;0.0000000;32.0000000;No weather;
2020-02-21 00:51:35;2020-02-21 07:55:18;62%;44%;;0;3178;Normal;101.6000000;;131.7000000;25423.4000000;20593.0000000;508.5000000;2020-02-21 07:45:00;2020-02-21 08:30:00;True;0.0000000;32.0000000;No weather;
2020-02-24 02:13:36;2020-02-24 11:57:48;82%;55%;;0;2744;Normal;102.2000000;;121.9000000;35051.6000000;31195.9000000;701.0000000;2020-02-24 12:45:00;2020-02-24 13:30:00;True;143.0000000;32.0000000;No weather;
2020-02-24 23:11:36;2020-02-25 05:11:07;56%;18%;;0;1205;Normal;102.0000000;;110.1000000;21570.7000000;17544.1000000;431.4000000;2020-02-25 04:45:00;2020-02-25 05:30:00;True;259.0000000;32.0000000;No weather;
2020-02-26 01:26:27;2020-02-26 09:38:57;78%;31%;;0;5768;Normal;103.0000000;;107.7000000;29549.8000000;26496.3000000;591.0000000;2020-02-26 09:45:00;2020-02-26 10:30:00;True;2100.0000000;32.0000000;No weather;
2020-02-26 23:02:34;2020-02-27 05:02:18;63%;35%;;0;1059;Normal;102.5000000;;72.7000000;21583.7000000;16619.5000000;431.7000000;2020-02-27 04:45:00;2020-02-27 05:30:00;True;219.0000000;32.0000000;No weather;
2020-03-02 00:43:30;2020-03-02 07:36:39;68%;0%;;0;1945;Normal;101.1000000;;92.8000000;24789.6000000;20905.9000000;495.8000000;2020-03-02 07:15:00;2020-03-02 08:00:00;True;0.0000000;32.0000000;No weather;
2020-03-03 00:32:24;2020-03-03 07:17:50;70%;96%;;0;2327;Normal;101.1000000;;75.6000000;24326.5000000;18326.0000000;486.5000000;2020-03-03 07:45:00;2020-03-03 08:30:00;True;2252.0000000;32.0000000;No weather;
2020-03-04 22:56:43;2020-03-05 05:29:18;62%;84%;;0;1689;Normal;102.1000000;;107.8000000;23555.0000000;18058.8000000;1413.3000000;2020-03-05 04:45:00;2020-03-05 05:30:00;True;0.0000000;32.0000000;No weather;
2020-03-09 22:55:18;2020-03-10 05:30:27;59%;0%;;0;1668;Normal;101.9000000;;127.0000000;23708.7000000;19046.0000000;474.2000000;2020-03-10 04:45:00;2020-03-10 05:30:00;True;733.0000000;32.0000000;No weather;
2020-03-11 23:33:38;2020-03-12 05:22:57;69%;94%;;0;266;Normal;101.4000000;;22.5000000;20959.3000000;14392.0000000;3772.7000000;2020-03-12 04:45:00;2020-03-12 05:30:00;True;0.0000000;32.0000000;No weather;
2020-03-13 00:27:22;2020-03-13 07:59:42;88%;82%;;0;5087;Normal;100.7000000;;26.0000000;27140.3000000;25783.3000000;723.7000000;2020-03-13 07:15:00;2020-03-13 08:00:00;True;0.0000000;32.0000000;No weather;
2020-03-19 01:48:06;2020-03-19 07:33:16;61%;0%;;0;974;Normal;101.2000000;;65.0000000;20710.5000000;15601.9000000;414.2000000;2020-03-19 07:15:00;2020-03-19 08:00:00;True;0.0000000;32.0000000;No weather;
2020-03-24 02:29:32;2020-03-24 07:50:33;61%;0%;;0;464;Normal;101.7000000;;38.0000000;19261.3000000;18234.0000000;385.2000000;2020-03-24 07:15:00;2020-03-24 08:00:00;True;0.0000000;32.0000000;No weather;
2020-03-26 02:09:57;2020-03-26 08:00:47;64%;96%;;0;852;Normal;101.1000000;;55.7000000;21050.4000000;17401.7000000;421.0000000;2020-03-26 07:15:00;2020-03-26 08:00:00;True;0.0000000;32.0000000;No weather;
2020-03-31 01:55:35;2020-03-31 08:00:23;67%;0%;;0;6208;Normal;101.7000000;;52.9000000;21888.1000000;20355.9000000;437.8000000;2020-03-31 07:15:00;2020-03-31 08:00:00;True;0.0000000;32.0000000;No weather;
2020-04-02 00:52:58;2020-04-02 07:56:25;80%;91%;;0;658;Normal;100.6000000;;39.9000000;25406.4000000;21595.4000000;1100.9000000;2020-04-02 07:15:00;2020-04-02 08:00:00;True;0.0000000;32.0000000;No weather;
2020-04-03 01:25:51;2020-04-03 07:48:25;78%;93%;;0;1012;Normal;100.9000000;;5.6000000;22954.1000000;21423.9000000;1530.3000000;2020-04-03 07:15:00;2020-04-03 08:00:00;True;0.0000000;32.0000000;No weather;
2020-04-07 04:06:09;2020-04-07 08:16:13;43%;0%;;0;727;Normal;101.3000000;;79.3000000;15003.3000000;12602.8000000;300.1000000;2020-04-07 07:45:00;2020-04-07 08:30:00;True;0.0000000;32.0000000;No weather;
2020-04-09 01:09:54;2020-04-09 07:23:14;62%;68%;;0;1563;Normal;101.7000000;;85.9000000;22399.4000000;17994.2000000;448.0000000;2020-04-09 07:15:00;2020-04-09 08:00:00;True;164.0000000;32.0000000;No weather;
2020-04-21 02:06:47;2020-04-21 08:13:35;70%;0%;;0;1186;Normal;101.2000000;;34.3000000;22008.2000000;16652.9000000;3594.7000000;2020-04-21 07:30:00;2020-04-21 08:15:00;True;0.0000000;32.0000000;No weather;
2020-04-23 02:09:41;2020-04-23 08:30:04;66%;97%;;0;1487;Normal;101.2000000;;69.5000000;22822.8000000;19779.8000000;456.5000000;2020-04-23 07:45:00;2020-04-23 08:30:00;True;0.0000000;32.0000000;No weather;
2020-04-28 03:15:38;2020-04-28 08:19:57;55%;0%;;0;915;Normal;100.9000000;;59.7000000;18258.4000000;14119.8000000;365.2000000;2020-04-28 07:45:00;2020-04-28 08:30:00;True;0.0000000;32.0000000;No weather;
2020-04-28 08:35:02;2020-04-28 09:24:26;10%;-65%;;0;107;Normal;101.1000000;;0.0000000;2963.8000000;2904.5000000;59.3000000;2020-04-28 08:55:00;2020-04-28 09:40:00;True;0.0000000;32.0000000;No weather;
2020-04-30 03:31:53;2020-04-30 08:30:30;56%;-65%;;0;841;Normal;100.7000000;;42.4000000;17917.0000000;14811.4000000;2388.9000000;2020-04-30 07:45:00;2020-04-30 08:30:00;True;462.0000000;32.0000000;No weather;
2020-05-05 02:00:11;2020-05-05 07:51:38;63%;0%;;0;1256;Normal;100.9000000;;62.1000000;21087.3000000;17994.5000000;1687.0000000;2020-05-05 07:45:00;2020-05-05 08:30:00;True;0.0000000;32.0000000;No weather;
2020-05-07 01:41:45;2020-05-07 07:55:15;62%;97%;;0;509;Normal;100.6000000;;85.4000000;22410.7000000;16359.8000000;2241.1000000;2020-05-07 07:45:00;2020-05-07 08:30:00;True;0.0000000;32.0000000;No weather;
2020-05-11 23:22:52;2020-05-12 07:19:47;91%;0%;;0;1181;Normal;100.8000000;;34.0000000;28615.6000000;25467.9000000;1049.2000000;2020-05-12 07:15:00;2020-05-12 08:00:00;True;0.0000000;32.0000000;No weather;
2020-05-13 02:29:08;2020-05-13 07:52:59;58%;70%;;0;3311;Normal;100.8000000;;58.1000000;19430.9000000;16451.5000000;388.6000000;2020-05-13 08:15:00;2020-05-13 09:00:00;True;0.0000000;32.0000000;No weather;
2020-05-14 01:38:24;2020-05-14 07:50:07;66%;81%;;0;751;Normal;100.8000000;;60.7000000;22303.0000000;16801.6000000;446.1000000;2020-05-14 07:45:00;2020-05-14 08:30:00;True;170.0000000;32.0000000;No weather;
2020-05-17 03:13:51;2020-05-17 09:07:24;65%;76%;;0;2146;Normal;100.5000000;;46.6000000;21213.8000000;17536.7000000;424.3000000;2020-05-17 08:45:00;2020-05-17 09:30:00;True;0.0000000;32.0000000;No weather;
2020-05-19 02:38:34;2020-05-19 08:15:40;57%;88%;;0;654;Normal;100.7000000;;82.8000000;20226.5000000;17597.1000000;404.5000000;2020-05-19 07:45:00;2020-05-19 08:30:00;True;0.0000000;32.0000000;No weather;
2020-05-21 02:23:04;2020-05-21 08:09:38;63%;97%;;0;1259;Normal;100.9000000;;53.8000000;20794.1000000;15526.2000000;415.9000000;2020-05-21 07:30:00;2020-05-21 08:15:00;True;0.0000000;32.0000000;No weather;
2020-06-02 02:34:57;2020-06-02 07:48:38;61%;0%;;0;593;Normal;100.7000000;;29.6000000;18820.3000000;15056.2000000;2885.8000000;2020-06-02 07:45:00;2020-06-02 08:30:00;True;0.0000000;32.0000000;No weather;
2020-06-04 01:11:00;2020-06-04 07:23:05;66%;85%;;0;267;Normal;100.4000000;;65.6000000;22325.7000000;17711.7000000;446.5000000;2020-06-04 07:15:00;2020-06-04 08:00:00;True;0.0000000;32.0000000;No weather;
2020-06-09 02:19:01;2020-06-09 07:28:04;58%;0%;;0;507;Normal;101.4000000;;38.5000000;18542.6000000;14030.5000000;2101.5000000;2020-06-09 07:15:00;2020-06-09 08:00:00;True;0.0000000;32.0000000;No weather;
2020-06-27 01:40:30;2020-06-27 08:10:48;71%;0%;;0;1238;Normal;100.4000000;;52.5000000;23418.3000000;19359.1000000;468.4000000;2020-06-27 08:05:00;2020-06-27 08:50:00;True;144.0000000;32.0000000;No weather;
2020-06-28 01:41:33;2020-06-28 08:08:24;70%;100%;;0;1313;Normal;100.2000000;;52.7000000;23211.1000000;19806.8000000;464.2000000;2020-06-28 08:05:00;2020-06-28 08:50:00;True;0.0000000;32.0000000;No weather;
2020-07-15 02:40:54;2020-07-15 08:32:10;57%;0%;;0;1812;Normal;100.5000000;;96.2000000;21076.5000000;18055.5000000;421.5000000;2020-07-15 08:05:00;2020-07-15 08:50:00;True;0.0000000;32.0000000;No weather;
2020-10-05 01:03:18;2020-10-05 07:32:40;78%;0%;;0;1052;Normal;101.1000000;;12.4000000;23362.1000000;17210.1000000;3660.1000000;2020-10-05 07:15:00;2020-10-05 08:00:00;True;0.0000000;32.0000000;No weather;
2020-10-12 00:20:53;2020-10-12 07:02:52;80%;0%;;0;2161;Normal;101.0000000;;14.9000000;24118.7000000;21867.6000000;482.4000000;2020-10-12 07:00:00;2020-10-12 07:45:00;True;0.0000000;32.0000000;No weather;
2020-10-13 01:33:28;2020-10-13 08:43:28;82%;76%;;0;707;Normal;101.0000000;;33.9000000;25800.3000000;23392.3000000;1548.0000000;2020-10-13 08:35:00;2020-10-13 09:20:00;True;0.0000000;32.0000000;No weather;
2020-10-14 00:34:07;2020-10-14 07:22:54;81%;78%;;0;947;Normal;100.9000000;;16.3000000;24526.8000000;20766.0000000;1471.6000000;2020-10-14 07:05:00;2020-10-14 07:50:00;True;0.0000000;32.0000000;No weather;
2020-10-15 01:36:47;2020-10-15 08:33:33;83%;79%;;0;668;Normal;100.9000000;;14.4000000;25005.8000000;21588.3000000;2500.6000000;2020-10-15 08:25:00;2020-10-15 09:10:00;True;0.0000000;32.0000000;No weather;
2020-10-16 04:10:13;2020-10-16 09:29:10;64%;78%;;0;699;Normal;100.8000000;;10.0000000;19137.5000000;16522.0000000;1212.0000000;2020-10-16 11:25:00;2020-10-16 12:10:00;True;0.0000000;32.0000000;No weather;
2020-10-19 00:37:44;2020-10-19 07:12:09;78%;51%;;0;1019;Normal;100.8000000;;19.8000000;23665.2000000;22718.6000000;473.3000000;2020-10-19 07:05:00;2020-10-19 07:50:00;True;0.0000000;32.0000000;No weather;
2020-10-20 01:26:28;2020-10-20 08:41:29;83%;81%;;0;2809;Normal;100.6000000;;32.5000000;26100.7000000;23751.6000000;522.0000000;2020-10-20 08:45:00;2020-10-20 09:30:00;True;0.0000000;32.0000000;No weather;
2020-10-21 01:02:25;2020-10-21 07:48:53;83%;85%;;0;324;Normal;100.3000000;;3.1000000;24388.3000000;23900.5000000;487.8000000;2020-10-21 08:10:00;2020-10-21 08:55:00;True;0.0000000;32.0000000;No weather;
2020-10-22 01:32:47;2020-10-22 08:12:55;78%;88%;;0;383;Normal;100.3000000;;20.6000000;24007.7000000;22967.3000000;480.2000000;2020-10-22 08:10:00;2020-10-22 08:55:00;True;0.0000000;32.0000000;No weather;
2020-10-23 00:48:18;2020-10-23 07:15:39;79%;89%;;0;506;Normal;100.6000000;;5.4000000;23241.7000000;22776.8000000;464.8000000;2020-10-23 07:10:00;2020-10-23 07:55:00;True;0.0000000;32.0000000;No weather;
2020-10-24 01:42:00;2020-10-24 08:09:14;77%;88%;;0;1069;Normal;100.8000000;;12.8000000;23234.0000000;20446.0000000;1626.4000000;2020-10-24 07:55:00;2020-10-24 08:40:00;True;0.0000000;32.0000000;No weather;
2020-10-25 02:31:19;2020-10-25 09:50:13;86%;83%;;0;1577;Normal;100.5000000;;20.2000000;26333.1000000;24489.8000000;526.7000000;2020-10-25 09:15:00;2020-10-25 10:00:00;True;0.0000000;32.0000000;No weather;
2020-10-26 00:54:23;2020-10-26 07:05:55;73%;76%;;0;807;Normal;100.7000000;;20.4000000;22292.2000000;19988.7000000;1337.5000000;2020-10-26 07:10:00;2020-10-26 07:55:00;True;0.0000000;32.0000000;No weather;
2020-10-27 00:18:32;2020-10-27 08:22:00;89%;76%;;0;712;Normal;101.4000000;;46.8000000;29008.0000000;23786.6000000;580.2000000;2020-10-27 08:15:00;2020-10-27 09:00:00;True;77.1000000;32.0000000;No weather;
2020-10-28 00:07:31;2020-10-28 07:27:00;82%;80%;;0;560;Normal;101.5000000;;40.5000000;26368.4000000;22852.7000000;527.4000000;2020-10-28 07:15:00;2020-10-28 08:00:00;True;62.4000000;32.0000000;No weather;
2020-10-29 01:46:58;2020-10-29 08:41:03;77%;84%;;0;805;Normal;101.4000000;;41.8000000;24845.6000000;23189.2000000;496.9000000;2020-10-29 08:40:00;2020-10-29 09:25:00;True;145.0000000;32.0000000;No weather;
2020-10-30 01:13:38;2020-10-30 07:24:01;69%;84%;;0;2732;Normal;101.2000000;;39.0000000;22222.2000000;17111.1000000;1777.8000000;2020-10-30 07:15:00;2020-10-30 08:00:00;True;360.0000000;32.0000000;No weather;
2020-11-02 01:00:16;2020-11-02 07:28:06;76%;93%;;0;1646;Normal;101.4000000;;19.5000000;23269.8000000;19934.4000000;2559.7000000;2020-11-02 07:15:00;2020-11-02 08:00:00;True;120.0000000;32.0000000;No weather;
2020-11-03 01:24:50;2020-11-03 08:18:02;76%;88%;;0;727;Normal;101.1000000;;43.2000000;24791.8000000;22643.1000000;495.8000000;2020-11-03 08:15:00;2020-11-03 09:00:00;True;660.0000000;32.0000000;No weather;
2020-11-04 00:31:31;2020-11-04 07:33:42;84%;87%;;0;544;Normal;101.2000000;;12.6000000;25330.5000000;23135.2000000;506.6000000;2020-11-04 07:15:00;2020-11-04 08:00:00;True;120.0000000;32.0000000;No weather;
2020-11-05 01:12:52;2020-11-05 08:21:00;85%;87%;;0;0;Normal;101.4000000;;10.5000000;25687.4000000;25173.6000000;513.7000000;2020-11-05 08:15:00;2020-11-05 09:00:00;False;0.0000000;32.0000000;No weather;
2020-11-06 00:47:53;2020-11-06 07:27:50;80%;88%;;0;326;Normal;100.4000000;;11.3000000;23996.8000000;22796.9000000;1199.8000000;2020-11-06 07:15:00;2020-11-06 08:00:00;True;0.0000000;32.0000000;No weather;
2020-11-08 04:04:53;2020-11-08 09:57:49;62%;70%;;0;1527;Normal;100.7000000;;58.5000000;21175.9000000;16517.2000000;423.5000000;2020-11-08 09:15:00;2020-11-08 10:00:00;True;600.0000000;32.0000000;No weather;
2020-11-08 23:28:06;2020-11-09 07:37:38;88%;47%;;0;544;Normal;101.0000000;;52.6000000;29372.5000000;26337.3000000;587.4000000;2020-11-09 07:15:00;2020-11-09 08:00:00;True;960.0000000;32.0000000;No weather;
2020-11-10 02:09:51;2020-11-10 08:48:30;73%;55%;;0;638;Normal;101.8000000;;47.0000000;23919.0000000;20729.8000000;478.4000000;2020-11-10 08:45:00;2020-11-10 09:30:00;True;567.4000000;32.0000000;No weather;
2020-11-12 02:10:32;2020-11-12 08:06:50;65%;81%;;0;518;Normal;101.2000000;;46.6000000;21377.8000000;16033.3000000;1710.2000000;2020-11-12 08:45:00;2020-11-12 09:30:00;True;660.0000000;32.0000000;No weather;
2020-11-15 03:18:51;2020-11-15 09:33:09;67%;79%;;0;1770;Normal;101.7000000;;54.1000000;22457.8000000;19688.0000000;449.2000000;2020-11-15 09:15:00;2020-11-15 10:00:00;True;280.1000000;32.0000000;No weather;
2020-11-16 01:00:54;2020-11-16 07:27:54;74%;63%;;0;960;Normal;101.6000000;;27.3000000;23220.0000000;20433.6000000;1702.8000000;2020-11-16 07:15:00;2020-11-16 08:00:00;True;0.0000000;32.0000000;No weather;
2020-11-17 01:28:58;2020-11-17 09:08:44;88%;73%;;0;291;Normal;101.2000000;;25.1000000;27585.5000000;26206.3000000;551.7000000;2020-11-17 08:45:00;2020-11-17 09:30:00;True;0.0000000;32.0000000;No weather;
2020-11-18 00:50:14;2020-11-18 07:32:41;74%;76%;;0;852;Normal;101.1000000;;40.9000000;24146.8000000;22858.9000000;1287.8000000;2020-11-18 07:15:00;2020-11-18 08:00:00;True;0.0000000;32.0000000;No weather;
2020-11-19 01:08:13;2020-11-19 07:25:48;70%;87%;;0;380;Normal;101.3000000;;42.0000000;22654.6000000;15631.7000000;2416.5000000;2020-11-19 08:15:00;2020-11-19 09:00:00;True;0.0000000;32.0000000;No weather;
2020-11-20 01:13:13;2020-11-20 07:39:06;74%;92%;;0;477;Normal;101.4000000;;28.7000000;23153.0000000;20606.2000000;1003.3000000;2020-11-20 07:15:00;2020-11-20 08:00:00;True;0.0000000;32.0000000;No weather;
2020-11-21 01:22:45;2020-11-21 08:04:44;77%;96%;;0;585;Normal;101.4000000;;24.3000000;24120.0000000;19939.2000000;2331.6000000;2020-11-21 07:55:00;2020-11-21 08:40:00;True;0.0000000;32.0000000;No weather;
2020-11-22 01:21:56;2020-11-22 09:30:36;90%;94%;;0;8212;Normal;101.2000000;;41.4000000;29319.3000000;26876.0000000;586.4000000;2020-11-22 09:15:00;2020-11-22 10:00:00;True;2582.6000000;32.0000000;No weather;
2020-11-22 09:30:50;2020-11-22 09:47:52;3%;50%;;0;48;Normal;101.2000000;;0.0000000;1022.0000000;1001.5000000;20.4000000;2020-11-22 09:45:00;2020-11-22 10:30:00;True;0.0000000;32.0000000;No weather;
2020-12-05 03:20:44;2020-12-05 09:19:50;63%;0%;;0;538;Normal;102.1000000;;33.2000000;21546.3000000;19032.6000000;1364.6000000;2020-12-05 09:15:00;2020-12-05 10:00:00;True;840.0000000;32.0000000;No weather;
2020-12-07 01:14:09;2020-12-07 07:39:48;68%;69%;;0;651;Normal;101.6000000;;47.4000000;23139.1000000;19668.2000000;462.8000000;2020-12-07 07:15:00;2020-12-07 08:00:00;True;5467.8000000;32.0000000;No weather;
2020-12-08 01:17:55;2020-12-08 08:43:56;78%;80%;;0;732;Normal;101.5000000;;36.2000000;26761.3000000;22568.7000000;535.2000000;2020-12-08 08:45:00;2020-12-08 09:30:00;True;225.0000000;32.0000000;No weather;
2020-12-10 02:25:25;2020-12-10 08:53:41;72%;90%;;0;524;Normal;101.1000000;;30.4000000;23296.5000000;19879.7000000;1475.4000000;2020-12-10 08:45:00;2020-12-10 09:30:00;True;180.0000000;32.0000000;No weather;
2020-12-11 04:19:20;2020-12-11 10:35:17;64%;80%;;0;794;Normal;101.4000000;;43.2000000;22557.3000000;22106.2000000;451.1000000;2020-12-11 11:55:00;2020-12-11 12:40:00;True;660.0000000;32.0000000;No weather;
2020-12-12 03:31:52;2020-12-12 08:32:05;56%;73%;;0;1217;Normal;101.3000000;;33.9000000;18013.0000000;16271.8000000;360.3000000;2020-12-12 08:15:00;2020-12-12 09:00:00;True;0.0000000;32.0000000;No weather;
2020-12-17 01:01:18;2020-12-17 07:25:53;59%;0%;;0;1578;Normal;101.5000000;;49.7000000;23075.2000000;19306.3000000;3153.6000000;2020-12-17 07:15:00;2020-12-17 08:00:00;True;540.0000000;32.0000000;No weather;
2020-12-18 01:48:07;2020-12-18 09:30:40;86%;76%;;0;1367;Normal;101.3000000;;32.9000000;27753.4000000;26180.7000000;1572.7000000;2020-12-18 09:15:00;2020-12-18 10:00:00;True;420.0000000;32.0000000;No weather;
2020-12-23 01:13:35;2020-12-23 07:01:43;56%;0%;;0;871;Normal;101.5000000;;43.1000000;20888.6000000;18869.4000000;1462.2000000;2020-12-23 06:55:00;2020-12-23 07:40:00;True;60.0000000;32.0000000;No weather;
2020-12-23 07:02:04;2020-12-23 07:27:30;5%;-55%;;0;48;Normal;101.8000000;;0.0000000;1525.6000000;1495.1000000;30.5000000;2020-12-23 07:15:00;2020-12-23 08:00:00;True;0.0000000;32.0000000;No weather;
2021-01-05 02:12:55;2021-01-05 07:40:05;46%;0%;;0;861;Normal;101.6000000;;56.2000000;19630.1000000;16947.4000000;392.6000000;2021-01-05 08:15:00;2021-01-05 09:00:00;True;458.1000000;32.0000000;No weather;
2021-01-09 02:25:47;2021-01-09 09:19:34;71%;0%;;0;402;Normal;101.4000000;;40.1000000;24827.4000000;23337.7000000;496.5000000;2021-01-09 09:10:00;2021-01-09 09:55:00;True;221.6000000;32.0000000;No weather;
2021-01-12 01:27:11;2021-01-12 08:18:35;77%;83%;;0;1096;Normal;102.3000000;;33.2000000;24683.2000000;19252.9000000;2962.0000000;2021-01-12 08:15:00;2021-01-12 09:00:00;True;360.0000000;32.0000000;No weather;
2021-01-19 01:45:54;2021-01-19 08:47:26;68%;0%;;0;1186;Normal;100.4000000;;44.1000000;25292.7000000;20908.6000000;3288.0000000;2021-01-19 08:35:00;2021-01-19 09:20:00;True;300.0000000;32.0000000;No weather;
2021-01-26 01:31:05;2021-01-26 09:15:19;72%;0%;;0;356;Normal;100.8000000;;46.7000000;27853.8000000;24232.8000000;1021.3000000;2021-01-26 08:35:00;2021-01-26 09:20:00;True;780.0000000;32.0000000;No weather;
2021-02-06 03:30:49;2021-02-06 10:16:13;69%;0%;;0;499;Normal;101.3000000;;41.1000000;24324.0000000;20675.4000000;2108.1000000;2021-02-06 09:35:00;2021-02-06 10:20:00;True;360.0000000;32.0000000;No weather;
2021-02-09 01:29:11;2021-02-09 08:29:27;55%;68%;;0;1099;Normal;101.1000000;;62.5000000;25216.0000000;20509.0000000;1597.0000000;2021-02-09 08:15:00;2021-02-09 09:00:00;True;408.0000000;32.0000000;No weather;
2021-02-11 00:30:52;2021-02-11 08:21:13;60%;91%;;0;655;Normal;101.2000000;;72.7000000;28220.9000000;21165.7000000;564.4000000;2021-02-11 08:05:00;2021-02-11 08:50:00;True;600.0000000;32.0000000;No weather;
2021-02-13 02:32:55;2021-02-13 09:22:42;60%;75%;;0;628;Normal;100.8000000;;59.4000000;24587.0000000;22128.3000000;491.7000000;2021-02-13 09:15:00;2021-02-13 10:00:00;True;806.9000000;32.0000000;No weather;
2021-02-24 02:03:37;2021-02-24 10:02:51;64%;0%;;0;273;Normal;101.2000000;;73.2000000;28753.6000000;21086.0000000;4025.5000000;2021-02-24 10:15:00;2021-02-24 11:00:00;True;77.1000000;32.0000000;No weather;
2021-02-25 01:16:03;2021-02-25 09:24:19;84%;88%;;0;788;Normal;101.4000000;;45.5000000;29296.6000000;26660.0000000;585.9000000;2021-02-25 09:35:00;2021-02-25 10:20:00;True;171.0000000;32.0000000;No weather;
2021-02-27 03:01:34;2021-02-27 09:24:02;69%;87%;;0;871;Normal;100.7000000;;40.0000000;22948.0000000;18664.4000000;2983.2000000;2021-02-27 09:15:00;2021-02-27 10:00:00;True;600.0000000;32.0000000;No weather;
2021-03-06 02:17:49;2021-03-06 07:53:09;62%;0%;;0;726;Normal;101.1000000;;38.0000000;20120.1000000;19047.0000000;402.4000000;2021-03-06 07:25:00;2021-03-06 08:10:00;True;240.0000000;32.0000000;No weather;
2021-03-09 02:26:19;2021-03-09 07:24:58;55%;95%;;0;127;Normal;101.3000000;;36.5000000;17918.9000000;14574.1000000;1911.4000000;2021-03-09 07:15:00;2021-03-09 08:00:00;True;0.0000000;32.0000000;No weather;
2021-03-10 02:35:12;2021-03-10 08:08:00;64%;93%;;0;354;Normal;101.5000000;;30.8000000;19968.4000000;13778.2000000;3194.9000000;2021-03-10 09:10:00;2021-03-10 09:55:00;True;0.0000000;32.0000000;No weather;
2021-03-11 02:11:26;2021-03-11 09:29:36;80%;89%;;0;547;Normal;101.4000000;;38.2000000;26289.5000000;22784.2000000;1226.8000000;2021-03-11 09:45:00;2021-03-11 10:30:00;True;575.2000000;32.0000000;No weather;
2021-03-12 01:19:21;2021-03-12 08:12:34;67%;87%;;0;502;Normal;101.5000000;;50.5000000;24792.3000000;19255.4000000;2066.0000000;2021-03-12 07:55:00;2021-03-12 08:40:00;True;240.0000000;32.0000000;No weather;
2021-03-19 02:19:06;2021-03-19 08:04:59;58%;0%;;0;2528;Normal;101.5000000;;46.6000000;20753.1000000;16740.8000000;2213.7000000;2021-03-19 09:15:00;2021-03-19 10:00:00;True;240.0000000;32.0000000;No weather;
2021-03-31 00:33:43;2021-03-31 07:17:13;74%;0%;;0;190;Normal;101.6000000;;38.1000000;24209.8000000;21304.6000000;2905.2000000;2021-03-31 07:05:00;2021-03-31 07:50:00;True;120.0000000;32.0000000;No weather;
2021-04-02 00:47:46;2021-04-02 07:13:28;52%;98%;;0;687;Normal;100.7000000;;69.1000000;23142.8000000;20442.8000000;462.9000000;2021-04-02 07:05:00;2021-04-02 07:50:00;True;75.0000000;32.0000000;No weather;
2021-04-05 00:02:29;2021-04-05 06:57:34;82%;92%;;0;1338;Normal;100.8000000;;28.0000000;24905.0000000;23493.7000000;1411.3000000;2021-04-05 07:05:00;2021-04-05 07:50:00;True;240.0000000;32.0000000;No weather;
2021-04-07 00:01:50;2021-04-07 07:26:26;84%;96%;;0;497;Normal;101.1000000;;34.3000000;26675.8000000;24897.4000000;1778.4000000;2021-04-07 07:05:00;2021-04-07 07:50:00;True;60.0000000;32.0000000;No weather;
2021-04-08 00:18:47;2021-04-08 08:16:40;94%;93%;;0;668;Normal;101.0000000;;28.5000000;28672.2000000;24753.7000000;2580.5000000;2021-04-08 08:05:00;2021-04-08 08:50:00;True;60.0000000;32.0000000;No weather;
2021-04-09 00:30:39;2021-04-09 07:07:58;67%;90%;;0;747;Normal;100.7000000;;46.2000000;23839.5000000;18038.6000000;3417.0000000;2021-04-09 07:05:00;2021-04-09 07:50:00;True;240.0000000;32.0000000;No weather;
2021-04-10 00:41:52;2021-04-10 07:38:12;84%;91%;;0;463;Normal;100.7000000;;24.0000000;24980.1000000;22398.8000000;1998.4000000;2021-04-10 07:30:00;2021-04-10 08:15:00;True;300.0000000;32.0000000;No weather;
2021-04-12 00:40:24;2021-04-12 07:13:54;79%;95%;;0;632;Normal;100.2000000;;24.5000000;23609.7000000;18573.0000000;3305.4000000;2021-04-12 07:05:00;2021-04-12 07:50:00;True;0.0000000;32.0000000;No weather;
2021-04-14 00:12:35;2021-04-14 07:22:12;78%;95%;;0;526;Normal;100.5000000;;36.7000000;25776.6000000;23628.6000000;2148.1000000;2021-04-14 07:05:00;2021-04-14 07:50:00;True;0.0000000;32.0000000;No weather;
2021-04-16 02:02:52;2021-04-16 07:10:31;64%;83%;;0;277;Normal;100.9000000;;16.8000000;18458.7000000;12798.0000000;2276.6000000;2021-04-16 07:05:00;2021-04-16 07:50:00;True;0.0000000;32.0000000;No weather;
2021-04-19 00:34:41;2021-04-19 07:30:22;83%;85%;;0;824;Normal;101.2000000;;22.4000000;24941.1000000;19786.6000000;3325.5000000;2021-04-19 07:05:00;2021-04-19 07:50:00;True;300.0000000;32.0000000;No weather;
2021-04-21 00:33:32;2021-04-21 07:38:38;80%;99%;;0;1345;Normal;100.4000000;;29.8000000;25506.2000000;22105.4000000;1275.3000000;2021-04-21 07:05:00;2021-04-21 07:50:00;True;240.0000000;32.0000000;No weather;
2021-04-22 00:31:49;2021-04-22 08:21:58;93%;96%;;0;649;Normal;100.6000000;;23.3000000;28208.9000000;26892.5000000;564.2000000;2021-04-22 08:05:00;2021-04-22 08:50:00;True;0.0000000;32.0000000;No weather;
2021-04-23 00:40:17;2021-04-23 07:33:41;58%;93%;;0;8930;Normal;100.7000000;;62.2000000;24804.0000000;19677.8000000;496.1000000;2021-04-23 07:05:00;2021-04-23 07:50:00;True;0.0000000;32.0000000;No weather;
2021-04-26 00:41:20;2021-04-26 07:20:02;75%;98%;;0;1042;Normal;100.5000000;;29.2000000;23921.8000000;16585.8000000;3668.0000000;2021-04-26 07:05:00;2021-04-26 07:50:00;True;60.0000000;32.0000000;No weather;
2021-04-28 00:00:53;2021-04-28 07:32:10;88%;93%;;0;749;Normal;101.1000000;;23.6000000;27077.3000000;26535.8000000;541.5000000;2021-04-28 07:05:00;2021-04-28 07:50:00;True;60.0000000;32.0000000;No weather;
2021-04-29 01:37:16;2021-04-29 09:08:08;83%;83%;;0;512;Normal;101.3000000;;31.9000000;27051.5000000;24526.7000000;1262.4000000;2021-04-29 08:50:00;2021-04-29 09:35:00;True;0.0000000;32.0000000;No weather;
2021-04-29 23:31:02;2021-04-30 07:14:52;87%;70%;;0;7952;Normal;101.5000000;;29.5000000;27829.5000000;27272.9000000;556.6000000;2021-04-30 07:05:00;2021-04-30 07:50:00;True;60.0000000;32.0000000;No weather;
2021-05-03 00:11:30;2021-05-03 07:43:01;88%;90%;;0;857;Normal;100.1000000;;23.8000000;27091.8000000;23840.8000000;1083.7000000;2021-05-03 07:05:00;2021-05-03 07:50:00;True;360.0000000;32.0000000;No weather;
2021-05-05 00:20:37;2021-05-05 07:20:24;72%;96%;;0;503;Normal;100.8000000;;39.3000000;25187.7000000;23592.5000000;503.8000000;2021-05-05 07:05:00;2021-05-05 07:50:00;True;0.0000000;32.0000000;No weather;
2021-05-05 23:51:23;2021-05-06 08:22:01;99%;91%;;0;349;Normal;101.0000000;;24.5000000;30638.2000000;29004.1000000;612.8000000;2021-05-06 08:05:00;2021-05-06 08:50:00;True;0.0000000;32.0000000;No weather;
2021-05-07 00:34:45;2021-05-07 07:17:44;36%;86%;;0;8643;Normal;100.8000000;;141.9000000;24179.5000000;17651.1000000;2901.5000000;2021-05-07 07:05:00;2021-05-07 07:50:00;True;0.0000000;32.0000000;No weather;
2021-05-08 01:38:01;2021-05-08 08:06:51;66%;86%;;0;642;Normal;100.5000000;;42.0000000;23330.6000000;20297.6000000;466.6000000;2021-05-08 07:45:00;2021-05-08 08:30:00;True;300.0000000;32.0000000;No weather;
2021-05-10 00:35:04;2021-05-10 07:07:48;77%;84%;;0;996;Normal;100.5000000;;17.5000000;23563.9000000;19715.1000000;2513.5000000;2021-05-10 07:05:00;2021-05-10 07:50:00;True;300.0000000;32.0000000;No weather;
2021-05-12 00:40:20;2021-05-12 07:19:39;81%;98%;;0;368;Normal;100.8000000;;9.8000000;23958.8000000;19326.8000000;3034.8000000;2021-05-12 07:05:00;2021-05-12 07:50:00;True;360.0000000;32.0000000;No weather;
2021-05-13 02:00:57;2021-05-13 09:38:30;92%;84%;;0;614;Normal;101.0000000;;10.0000000;27452.3000000;25164.7000000;549.0000000;2021-05-13 08:55:00;2021-05-13 09:40:00;True;180.0000000;32.0000000;No weather;
2021-05-14 00:45:02;2021-05-14 07:10:42;73%;69%;;0;2162;Normal;100.7000000;;20.9000000;23139.6000000;22059.7000000;462.8000000;2021-05-14 07:05:00;2021-05-14 07:50:00;True;180.0000000;32.0000000;No weather;
2021-05-17 01:24:31;2021-05-17 07:51:57;73%;89%;;0;722;Normal;100.8000000;;22.2000000;23246.0000000;18131.9000000;2247.1000000;2021-05-17 07:05:00;2021-05-17 07:50:00;True;0.0000000;32.0000000;No weather;
2021-05-19 01:23:11;2021-05-19 06:47:34;66%;91%;;0;420;Normal;100.4000000;;6.9000000;19462.8000000;19073.5000000;389.3000000;2021-05-19 07:05:00;2021-05-19 07:50:00;True;180.0000000;32.0000000;No weather;
2021-05-20 01:19:50;2021-05-20 08:51:03;91%;87%;;0;1901;Normal;100.3000000;;6.5000000;27072.6000000;20845.9000000;2797.5000000;2021-05-20 08:05:00;2021-05-20 08:50:00;True;60.0000000;32.0000000;No weather;
2021-05-21 01:18:48;2021-05-21 07:56:26;75%;87%;;0;5045;Normal;100.5000000;;18.8000000;23858.4000000;17814.2000000;2385.8000000;2021-05-21 07:05:00;2021-05-21 07:50:00;True;180.0000000;32.0000000;No weather;
2021-05-24 01:02:29;2021-05-24 07:24:08;78%;93%;;0;1105;Normal;101.1000000;;3.6000000;22899.2000000;21449.0000000;458.0000000;2021-05-24 07:05:00;2021-05-24 07:50:00;True;0.0000000;32.0000000;No weather;
2021-05-26 01:09:29;2021-05-26 07:50:25;82%;95%;;0;617;Normal;100.8000000;;1.4000000;24056.2000000;23575.1000000;481.1000000;2021-05-26 07:05:00;2021-05-26 07:50:00;True;60.0000000;32.0000000;No weather;
2021-05-27 02:59:41;2021-05-27 08:51:06;71%;86%;;0;643;Normal;100.9000000;;1.1000000;21085.1000000;20663.4000000;421.7000000;2021-05-27 08:05:00;2021-05-27 08:50:00;True;0.0000000;32.0000000;No weather;
2021-05-28 01:01:37;2021-05-28 07:36:36;80%;75%;;0;6393;Normal;100.8000000;;1.4000000;23699.3000000;23225.3000000;474.0000000;2021-05-28 07:05:00;2021-05-28 07:50:00;True;0.0000000;32.0000000;No weather;
2021-06-02 00:47:39;2021-06-02 08:08:09;89%;0%;;0;616;Normal;100.6000000;;0.9000000;26430.3000000;25901.7000000;528.6000000;2021-06-02 07:05:00;2021-06-02 07:50:00;True;0.0000000;32.0000000;No weather;
2021-06-04 01:21:08;2021-06-04 07:51:01;78%;93%;;0;444;Normal;100.6000000;;2.2000000;23393.1000000;22925.3000000;467.9000000;2021-06-04 07:05:00;2021-06-04 07:50:00;True;0.0000000;32.0000000;No weather;
2021-06-05 02:32:21;2021-06-05 08:30:00;64%;89%;;0;0;Normal;100.5000000;;25.4000000;21459.4000000;18669.7000000;429.2000000;2021-06-05 07:55:00;2021-06-05 08:40:00;False;0.0000000;32.0000000;No weather;
2021-06-22 02:06:41;2021-06-22 08:28:13;61%;0%;;0;1053;Normal;100.6000000;;47.7000000;22891.6000000;19229.0000000;1907.6000000;2021-06-22 08:10:00;2021-06-22 08:55:00;True;0.0000000;32.0000000;No weather;
2021-07-02 02:33:00;2021-07-02 08:54:59;70%;0%;;0;1687;Normal;100.5000000;;4544.5000000;22919.5000000;19863.5000000;1680.8000000;2021-07-02 08:45:00;2021-07-02 09:30:00;True;0.0000000;32.0000000;No weather;
2021-07-15 02:31:23;2021-07-15 08:50:00;66%;0%;;0;1056;Normal;100.8000000;;54.7000000;22716.4000000;21429.1000000;454.3000000;2021-07-15 08:45:00;2021-07-15 09:30:00;True;120.0000000;32.0000000;No weather;
2021-07-17 03:41:29;2021-07-17 10:49:23;74%;74%;;0;915;Normal;100.6000000;;62.2000000;25673.9000000;23192.1000000;1882.7000000;2021-07-17 10:45:00;2021-07-17 11:30:00;True;60.0000000;32.0000000;No weather;
2021-07-23 03:52:52;2021-07-23 09:13:58;55%;0%;;0;1094;Normal;100.9000000;;62.9000000;19266.3000000;15027.7000000;2697.3000000;2021-07-23 09:00:00;2021-07-23 09:45:00;True;60.0000000;32.0000000;No weather;
2021-07-28 01:56:56;2021-07-28 07:40:52;59%;0%;;0;1127;Normal;101.0000000;;59.6000000;20636.3000000;17059.3000000;2201.2000000;2021-07-28 07:15:00;2021-07-28 08:00:00;True;0.0000000;32.0000000;No weather;
2021-08-06 02:13:34;2021-08-06 08:32:46;66%;0%;;0;851;Normal;100.5000000;;60.5000000;22752.3000000;20401.2000000;455.0000000;2021-08-06 08:15:00;2021-08-06 09:00:00;True;0.0000000;32.0000000;No weather;
2021-08-08 23:14:21;2021-08-09 07:06:47;81%;63%;;0;1910;Normal;96.9000000;;97.5000000;28346.3000000;25322.7000000;566.9000000;2021-08-09 06:45:00;2021-08-09 07:30:00;True;0.0000000;32.0000000;No weather;
2021-08-17 23:29:31;2021-08-18 08:26:58;92%;0%;;0;6052;Normal;100.4000000;;82.6000000;32247.3000000;29560.0000000;644.9000000;2021-08-18 07:45:00;2021-08-18 08:30:00;True;60.0000000;32.0000000;No weather;
2021-08-24 03:19:15;2021-08-24 09:53:52;59%;0%;;0;220;Normal;100.6000000;;62.9000000;23676.9000000;21072.4000000;473.5000000;2021-08-24 09:45:00;2021-08-24 10:30:00;True;60.0000000;32.0000000;No weather;
2021-08-25 01:18:33;2021-08-25 08:42:46;62%;73%;;0;1278;Normal;100.7000000;;76.6000000;26652.4000000;25319.8000000;1332.6000000;2021-08-25 08:30:00;2021-08-25 09:15:00;True;0.0000000;32.0000000;No weather;
2021-08-31 22:36:15;2021-09-01 07:13:46;71%;0%;;0;1826;Normal;100.3000000;;82.3000000;31051.3000000;27428.7000000;621.0000000;2021-09-01 06:45:00;2021-09-01 07:30:00;True;0.0000000;32.0000000;No weather;
2021-09-04 23:27:48;2021-09-05 00:17:13;10%;0%;;0;195;Normal;100.5000000;;0.0000000;2965.0000000;533.7000000;59.3000000;2021-09-05 06:00:00;2021-09-05 06:45:00;True;0.0000000;32.0000000;No weather;
2021-09-05 00:17:18;2021-09-05 07:04:32;62%;0%;;0;0;Normal;100.5000000;;63.9000000;24433.6000000;19791.2000000;4642.4000000;2021-09-05 07:00:00;2021-09-05 07:45:00;True;60.0000000;32.0000000;No weather;
2021-09-09 02:31:52;2021-09-09 09:28:51;60%;0%;;0;2160;Normal;100.6000000;;73.2000000;25019.3000000;22600.8000000;500.4000000;2021-09-09 09:30:00;2021-09-09 10:15:00;True;302.7000000;32.0000000;No weather;
2021-09-16 02:27:43;2021-09-16 10:11:55;70%;0%;;0;8447;Normal;100.3000000;;64.8000000;27852.6000000;25438.7000000;1206.9000000;2021-09-16 10:30:00;2021-09-16 11:15:00;True;60.0000000;32.0000000;No weather;
2021-09-24 00:47:52;2021-09-24 07:30:55;69%;0%;;0;3051;Normal;101.0000000;;39.8000000;24183.1000000;22570.9000000;483.7000000;2021-09-24 07:15:00;2021-09-24 08:00:00;True;0.0000000;32.0000000;No weather;
2021-09-27 03:44:26;2021-09-27 07:34:57;40%;75%;;0;31661;Normal;101.3000000;;38.1000000;13830.6000000;9958.0000000;2581.7000000;2021-09-27 07:15:00;2021-09-27 08:00:00;True;120.0000000;32.0000000;No weather;
2021-09-29 03:25:32;2021-09-29 11:13:40;85%;67%;;0;529;Normal;100.9000000;;27.9000000;28087.6000000;24249.0000000;842.6000000;2021-09-29 11:15:00;2021-09-29 12:00:00;True;96.9000000;32.0000000;No weather;
2021-09-30 00:55:22;2021-09-30 09:30:40;92%;66%;;0;996;Normal;100.8000000;;31.5000000;30918.4000000;26280.7000000;3194.9000000;2021-09-30 09:15:00;2021-09-30 10:00:00;True;0.0000000;32.0000000;No weather;
2021-12-22 23:36:03;2021-12-23 04:48:53;59%;0%;;0;6997;Normal;101.4000000;;202.8000000;18769.9000000;12951.3000000;375.4000000;2021-12-23 07:15:00;2021-12-23 08:00:00;True;480.0000000;32.0000000;No weather;
2022-01-19 01:18:58;2022-01-19 09:20:13;87%;0%;;0;6176;Normal;101.6000000;;70.8000000;28875.5000000;26469.2000000;577.5000000;2022-01-19 09:15:00;2022-01-19 10:00:00;True;257.5000000;32.0000000;No weather;
2022-08-01 02:10:35;2022-08-01 09:33:44;77%;0%;;0;902;Normal;101.3000000;;1.2000000;26588.5000000;22511.6000000;4076.9000000;2022-08-01 09:15:00;2022-08-01 10:00:00;True;600.0000000;32.0000000;No weather;
2022-08-12 01:20:17;2022-08-12 07:44:51;68%;0%;;0;2911;Normal;101.0000000;;30.0000000;23074.4000000;18151.9000000;2153.6000000;2022-08-12 07:15:00;2022-08-12 08:00:00;True;60.0000000;32.0000000;No weather;
2022-08-13 01:52:30;2022-08-13 09:49:04;79%;78%;;0;3843;Normal;101.0000000;;49.7000000;28593.2000000;22112.1000000;1334.4000000;2022-08-13 09:15:00;2022-08-13 10:00:00;True;323.0000000;32.0000000;No weather;
2022-08-15 03:13:11;2022-08-15 10:37:17;76%;80%;;0;659;Normal;100.7000000;;31.9000000;26646.5000000;20784.3000000;532.9000000;2022-08-15 10:15:00;2022-08-15 11:00:00;True;556.4000000;32.0000000;No weather;
2022-08-16 01:45:44;2022-08-16 09:41:56;87%;81%;;0;1240;Normal;100.6000000;;4.1000000;28571.9000000;23810.0000000;2952.4000000;2022-08-16 09:15:00;2022-08-16 10:00:00;True;2317.6000000;32.0000000;No weather;
2022-08-17 01:21:35;2022-08-17 08:32:09;78%;84%;;0;1610;Normal;100.7000000;;11.5000000;25834.4000000;21614.7000000;516.7000000;2022-08-17 08:15:00;2022-08-17 09:00:00;True;754.0000000;32.0000000;No weather;
2022-08-18 04:20:50;2022-08-18 10:22:37;69%;76%;;0;1325;Normal;101.0000000;;1.7000000;21706.5000000;17365.2000000;434.1000000;2022-08-18 11:15:00;2022-08-18 12:00:00;True;660.0000000;32.0000000;No weather;
2022-08-19 01:03:55;2022-08-19 08:58:33;76%;69%;;0;211;Normal;100.8000000;;33.0000000;28478.0000000;21263.5000000;949.3000000;2022-08-19 08:15:00;2022-08-19 09:00:00;True;600.0000000;32.0000000;No weather;
2022-08-20 01:58:02;2022-08-20 08:46:40;67%;71%;;0;8300;Normal;100.5000000;;29.1000000;24518.1000000;18633.8000000;490.4000000;2022-08-20 08:15:00;2022-08-20 09:00:00;True;600.0000000;32.0000000;No weather;
2022-08-21 02:06:09;2022-08-21 09:52:43;79%;81%;;0;862;Normal;101.0000000;;22.7000000;27993.7000000;25847.5000000;559.9000000;2022-08-21 09:15:00;2022-08-21 10:00:00;True;2871.3000000;32.0000000;No weather;
2022-08-22 02:06:17;2022-08-22 10:21:56;82%;92%;;0;11594;Normal;101.2000000;;25.9000000;29738.5000000;26070.7000000;594.8000000;2022-08-22 10:15:00;2022-08-22 11:00:00;True;1125.4000000;32.0000000;No weather;
2022-08-23 01:53:15;2022-08-23 09:22:45;84%;92%;;0;1343;Normal;100.8000000;;9.1000000;26970.6000000;17710.7000000;1348.5000000;2022-08-23 09:15:00;2022-08-23 10:00:00;True;1398.3000000;32.0000000;No weather;
2022-08-25 01:28:01;2022-08-25 08:19:15;76%;89%;;0;352;Normal;101.0000000;;10.0000000;24673.4000000;22370.5000000;493.5000000;2022-08-25 08:15:00;2022-08-25 09:00:00;True;1764.1000000;32.0000000;No weather;
2022-08-26 01:03:16;2022-08-26 08:56:51;80%;90%;;0;7093;Normal;101.1000000;;21.1000000;28414.4000000;26236.0000000;568.3000000;2022-08-26 08:15:00;2022-08-26 09:00:00;True;1545.5000000;32.0000000;No weather;
2022-08-27 01:37:36;2022-08-27 08:40:56;69%;92%;;0;9409;Normal;100.9000000;;26.5000000;25400.0000000;18711.4000000;1862.7000000;2022-08-27 09:15:00;2022-08-27 10:00:00;True;777.3000000;32.0000000;No weather;
2022-08-28 02:18:43;2022-08-28 09:56:10;86%;89%;;0;2445;Normal;100.7000000;;9.6000000;27447.2000000;20127.9000000;3659.6000000;2022-08-28 10:15:00;2022-08-28 11:00:00;True;4823.1000000;32.0000000;No weather;
2022-08-29 02:26:52;2022-08-29 10:40:44;84%;90%;;0;968;Normal;100.8000000;;20.2000000;29631.3000000;27162.1000000;592.6000000;2022-08-29 10:15:00;2022-08-29 11:00:00;True;7321.0000000;32.0000000;No weather;
2022-08-30 02:43:14;2022-08-30 10:51:35;86%;91%;;0;2857;Normal;100.9000000;;17.4000000;29301.2000000;25296.7000000;1758.1000000;2022-08-30 10:15:00;2022-08-30 11:00:00;True;11843.2000000;32.0000000;No weather;
2022-09-03 02:58:46;2022-09-03 10:26:35;51%;0%;;0;1814;Normal;100.6000000;;68.9000000;26869.3000000;24809.3000000;537.4000000;2022-09-03 10:15:00;2022-09-03 11:00:00;True;6320.0000000;32.0000000;No weather;
2022-09-04 03:49:04;2022-09-04 11:44:41;86%;82%;;0;3712;Normal;100.7000000;;14.1000000;28536.7000000;23780.6000000;570.7000000;2022-09-04 23:15:00;2022-09-05 00:00:00;True;11203.7000000;32.0000000;No weather;
2022-09-05 01:53:22;2022-09-05 09:31:37;81%;74%;;0;2650;Normal;100.4000000;;17.1000000;27494.8000000;23553.9000000;549.9000000;2022-09-05 09:15:00;2022-09-05 10:00:00;True;21477.9000000;32.0000000;No weather;
2022-09-06 03:11:24;2022-09-06 10:18:02;81%;77%;;0;821;Normal;100.5000000;;7.7000000;25597.8000000;25085.9000000;512.0000000;2022-09-06 10:15:00;2022-09-06 11:00:00;True;16858.7000000;32.0000000;No weather;
2022-09-07 02:36:19;2022-09-07 09:54:23;84%;80%;;0;220;Normal;100.9000000;;5.4000000;26284.2000000;20676.9000000;525.7000000;2022-09-07 09:15:00;2022-09-07 10:00:00;True;8752.5000000;32.0000000;No weather;
2022-09-08 03:52:05;2022-09-08 11:02:50;82%;85%;;0;819;Normal;100.7000000;;5.4000000;25845.6000000;24036.4000000;516.9000000;2022-09-08 10:15:00;2022-09-08 11:00:00;True;6113.8000000;32.0000000;No weather;
2022-09-12 04:14:40;2022-09-12 11:28:19;53%;0%;;0;940;Normal;101.1000000;;63.6000000;26018.4000000;22202.3000000;520.4000000;2022-09-12 11:15:00;2022-09-12 12:00:00;True;2054.5000000;32.0000000;No weather;
2022-09-13 02:00:11;2022-09-13 09:00:01;80%;61%;;0;3484;Normal;100.8000000;;4.0000000;25189.8000000;18808.4000000;4114.3000000;2022-09-13 08:45:00;2022-09-13 09:30:00;True;2211.6000000;32.0000000;No weather;
2022-09-14 03:30:57;2022-09-14 10:03:09;67%;70%;;0;5185;Normal;100.7000000;;20.9000000;23531.2000000;20629.0000000;470.6000000;2022-09-14 09:45:00;2022-09-14 10:30:00;True;1180.0000000;32.0000000;No weather;
2022-09-15 02:39:46;2022-09-15 09:56:27;75%;77%;;0;825;Normal;100.9000000;;19.8000000;26201.2000000;23319.1000000;524.0000000;2022-09-15 09:45:00;2022-09-15 10:30:00;True;710.6000000;32.0000000;No weather;
2022-09-17 02:53:17;2022-09-17 11:01:36;88%;91%;;0;535;Normal;100.6000000;;13.0000000;29298.9000000;21974.2000000;4980.8000000;2022-09-17 10:30:00;2022-09-17 11:15:00;True;4978.2000000;32.0000000;No weather;
2022-09-18 02:38:27;2022-09-18 10:58:55;53%;93%;;0;2201;Normal;100.5000000;;89.0000000;30028.1000000;25924.3000000;600.6000000;2022-09-18 10:30:00;2022-09-18 11:15:00;True;284.8000000;32.0000000;No weather;
2022-09-21 02:59:32;2022-09-21 09:20:57;67%;83%;;0;2161;Normal;101.0000000;;19.1000000;22884.9000000;16477.1000000;457.7000000;2022-09-21 09:15:00;2022-09-21 10:00:00;True;880.9000000;32.0000000;No weather;
2022-09-22 01:49:37;2022-09-22 09:44:09;62%;87%;;0;3931;Normal;101.0000000;;67.4000000;28472.7000000;24486.5000000;569.5000000;2022-09-22 09:15:00;2022-09-22 10:00:00;True;1566.0000000;32.0000000;No weather;
2022-09-23 00:43:04;2022-09-23 07:12:10;71%;78%;;0;5277;Normal;100.9000000;;12.1000000;23346.2000000;19844.2000000;3035.0000000;2022-09-23 06:30:00;2022-09-23 07:15:00;True;405.2000000;32.0000000;No weather;
2022-09-24 02:52:49;2022-09-24 10:09:17;63%;71%;;0;7461;Normal;101.1000000;;53.8000000;26187.6000000;22346.8000000;1047.5000000;2022-09-24 10:05:00;2022-09-24 10:50:00;True;77.1000000;32.0000000;No weather;
2022-09-26 01:32:40;2022-09-26 08:05:45;45%;65%;;0;1836;Normal;100.9000000;;96.2000000;23584.3000000;18238.5000000;2594.3000000;2022-09-26 07:45:00;2022-09-26 08:30:00;True;1139.2000000;32.0000000;No weather;
2022-09-30 00:38:34;2022-09-30 06:44:14;64%;0%;;0;4299;Normal;100.9000000;;23.7000000;21940.3000000;17259.7000000;1609.0000000;2022-09-30 06:30:00;2022-09-30 07:15:00;True;180.0000000;32.0000000;No weather;
2022-10-06 02:14:22;2022-10-06 09:08:27;77%;0%;;0;193;Normal;101.2000000;;10.5000000;24844.9000000;18882.1000000;1822.0000000;2022-10-06 10:15:00;2022-10-06 11:00:00;True;313.9000000;32.0000000;No weather;
2022-10-07 01:18:47;2022-10-07 07:49:32;59%;81%;;0;1460;Normal;101.4000000;;51.3000000;23444.9000000;16177.0000000;7267.9000000;2022-10-07 07:35:00;2022-10-07 08:20:00;True;245.8000000;32.0000000;No weather;
2022-10-12 02:01:52;2022-10-12 09:58:28;79%;0%;;0;4347;Normal;101.4000000;;34.0000000;28595.7000000;23639.1000000;571.9000000;2022-10-12 09:45:00;2022-10-12 10:30:00;True;530.1000000;32.0000000;No weather;
2022-10-14 04:19:06;2022-10-14 12:26:16;60%;60%;;0;3651;Normal;100.8000000;;87.2000000;29231.0000000;24651.4000000;584.6000000;2022-10-14 12:15:00;2022-10-14 13:00:00;True;254.8000000;32.0000000;No weather;
2022-10-18 02:31:33;2022-10-18 09:57:19;77%;0%;;0;2496;Normal;101.1000000;;27.3000000;26745.6000000;20861.5000000;1426.4000000;2022-10-18 10:15:00;2022-10-18 11:00:00;True;371.8000000;32.0000000;No weather;
2022-10-19 02:50:01;2022-10-19 10:24:42;85%;94%;;0;3405;Normal;101.1000000;;8.2000000;27280.9000000;21006.3000000;2364.3000000;2022-10-19 10:45:00;2022-10-19 11:30:00;True;78.7000000;32.0000000;No weather;
2022-10-20 04:03:39;2022-10-20 11:27:41;75%;87%;;0;1134;Normal;101.0000000;;29.9000000;26642.6000000;22912.6000000;532.9000000;2022-10-20 11:45:00;2022-10-20 12:30:00;True;540.0000000;32.0000000;No weather;
2022-10-24 03:27:14;2022-10-24 08:43:30;39%;0%;;0;3159;Normal;101.3000000;;88.8000000;18976.2000000;13789.3000000;379.5000000;2022-10-24 08:35:00;2022-10-24 09:20:00;True;60.0000000;32.0000000;No weather;
2022-10-25 02:09:14;2022-10-25 10:07:44;81%;77%;;0;2887;Normal;101.7000000;;32.5000000;28709.0000000;22967.2000000;574.2000000;2022-10-25 09:30:00;2022-10-25 10:15:00;True;1029.6000000;32.0000000;No weather;
2022-11-03 04:38:47;2022-11-03 11:10:25;59%;0%;;0;325;Normal;101.2000000;;56.3000000;23497.0000000;20912.4000000;469.9000000;2022-11-03 10:30:00;2022-11-03 11:15:00;True;2943.8000000;32.0000000;No weather;
2022-11-04 03:48:57;2022-11-04 11:01:00;72%;92%;;0;2851;Normal;101.9000000;;35.2000000;25922.3000000;21342.7000000;1641.7000000;2022-11-04 11:00:00;2022-11-04 11:45:00;True;1103.4000000;32.0000000;No weather;
2022-11-07 04:38:17;2022-11-07 11:51:24;61%;78%;;0;2654;Normal;101.1000000;;69.4000000;25986.4000000;20529.2000000;519.7000000;2022-11-07 23:45:00;2022-11-08 00:30:00;True;889.5000000;32.0000000;No weather;
2022-11-08 04:35:26;2022-11-08 11:23:23;65%;87%;;0;147;Normal;100.7000000;;46.0000000;24476.9000000;18847.2000000;489.5000000;2022-11-08 11:15:00;2022-11-08 12:00:00;True;1435.2000000;32.0000000;No weather;
2022-11-09 05:03:40;2022-11-09 11:25:57;58%;92%;;0;2716;Normal;101.2000000;;56.1000000;22937.1000000;15673.7000000;458.7000000;2022-11-09 11:15:00;2022-11-09 12:00:00;True;2845.9000000;32.0000000;No weather;
2022-11-10 03:43:21;2022-11-10 11:34:16;57%;90%;;0;3879;Normal;101.5000000;;99.2000000;28254.8000000;25994.4000000;565.1000000;2022-11-10 11:15:00;2022-11-10 12:00:00;True;695.3000000;32.0000000;No weather;
2022-11-11 05:01:31;2022-11-11 11:37:00;62%;91%;;0;3233;Normal;101.4000000;;51.1000000;23729.7000000;18430.1000000;474.6000000;2022-11-11 11:15:00;2022-11-11 12:00:00;True;188.9000000;32.0000000;No weather;
2022-11-12 02:48:26;2022-11-12 08:39:16;58%;78%;;0;2793;Normal;101.3000000;;41.8000000;21049.9000000;18103.0000000;2947.0000000;2022-11-12 08:20:00;2022-11-12 09:05:00;True;1232.4000000;32.0000000;No weather;
2022-11-13 02:45:33;2022-11-13 10:21:52;78%;77%;;0;4044;Normal;101.2000000;;33.9000000;27379.6000000;24094.0000000;1186.4000000;2022-11-13 10:00:00;2022-11-13 10:45:00;True;5503.2000000;32.0000000;No weather;
2022-11-14 02:53:08;2022-11-14 09:57:33;71%;79%;;0;928;Normal;101.6000000;;38.4000000;25464.8000000;20286.9000000;1952.3000000;2022-11-14 09:45:00;2022-11-14 10:30:00;True;0.0000000;32.0000000;No weather;
2022-11-15 03:42:56;2022-11-15 11:16:49;72%;88%;;0;4224;Normal;101.6000000;;49.1000000;27233.3000000;20878.9000000;1452.4000000;2022-11-15 10:45:00;2022-11-15 11:30:00;True;2893.6000000;32.0000000;No weather;
2022-11-16 04:04:54;2022-11-16 10:59:24;71%;91%;;0;3074;Normal;101.8000000;;34.2000000;24869.2000000;20973.0000000;497.4000000;2022-11-16 10:45:00;2022-11-16 11:30:00;True;75.9000000;32.0000000;No weather;
2022-11-17 04:18:40;2022-11-17 09:31:30;54%;87%;;0;2780;Normal;101.9000000;;33.2000000;18770.3000000;15641.9000000;375.4000000;2022-11-17 10:45:00;2022-11-17 11:30:00;True;3029.7000000;32.0000000;No weather;
2022-11-18 03:44:07;2022-11-18 11:22:27;77%;87%;;0;314;Normal;101.2000000;;38.0000000;27499.4000000;21724.5000000;550.0000000;2022-11-18 10:45:00;2022-11-18 11:30:00;True;2340.0000000;32.0000000;No weather;
2022-11-19 04:08:49;2022-11-19 11:18:46;66%;87%;;0;3642;Normal;101.2000000;;57.8000000;25797.2000000;22271.6000000;859.9000000;2022-11-19 10:45:00;2022-11-19 11:30:00;True;880.2000000;32.0000000;No weather;
2022-11-20 05:17:14;2022-11-20 11:54:33;62%;87%;;0;999;Normal;101.7000000;;54.7000000;23839.6000000;19389.5000000;794.7000000;2022-11-20 11:45:00;2022-11-20 12:30:00;True;1650.3000000;32.0000000;No weather;
2022-11-22 03:38:05;2022-11-22 11:27:50;76%;84%;;0;2072;Normal;101.4000000;;45.9000000;28184.8000000;25648.2000000;563.7000000;2022-11-22 10:45:00;2022-11-22 11:30:00;True;331.7000000;32.0000000;No weather;
2022-11-23 04:55:14;2022-11-23 11:59:34;82%;84%;;0;146;Normal;101.3000000;;9.1000000;25459.6000000;19773.6000000;848.7000000;2022-11-23 11:45:00;2022-11-23 12:30:00;True;311.0000000;32.0000000;No weather;
2022-11-24 02:54:32;2022-11-24 08:50:15;33%;71%;;0;211;Normal;101.5000000;;146.9000000;21342.2000000;16362.3000000;1422.8000000;2022-11-24 08:45:00;2022-11-24 09:30:00;True;300.0000000;32.0000000;No weather;
2022-11-25 03:11:42;2022-11-25 08:50:43;43%;80%;;0;2697;Normal;102.1000000;;102.6000000;20340.8000000;16815.1000000;406.8000000;2022-11-25 08:45:00;2022-11-25 09:30:00;True;136.0000000;32.0000000;No weather;
2022-11-25 08:50:53;2022-11-25 09:10:28;4%;33%;;0;128;Normal;102.1000000;;0.0000000;1175.9000000;0.0000000;0.0000000;2022-11-25 09:10:00;2022-11-25 09:10:00;True;0.0000000;32.0000000;No weather;
2022-11-26 01:37:04;2022-11-26 11:12:41;58%;74%;;0;3654;No alarm;101.7000000;;140.4000000;34537.9000000;29472.3000000;690.8000000;;;True;1255.3000000;32.0000000;No weather;
2022-11-27 04:47:05;2022-11-27 12:11:15;72%;77%;;0;210;Normal;101.4000000;;52.7000000;26650.2000000;23274.5000000;1510.2000000;2022-11-27 11:25:00;2022-11-27 12:10:00;True;299.3000000;32.0000000;No weather;
2022-11-28 02:16:39;2022-11-28 09:58:28;71%;64%;;0;129;Normal;101.1000000;;65.3000000;27709.4000000;23368.2000000;3417.5000000;2022-11-28 09:45:00;2022-11-28 10:30:00;True;710.5000000;32.0000000;No weather;
2022-11-29 06:02:50;2022-11-29 13:43:57;75%;-20%;;0;118;No alarm;101.0000000;;54.0000000;27667.0000000;23148.1000000;553.3000000;;;True;637.9000000;32.0000000;No weather;
2022-11-30 04:46:01;2022-11-30 11:42:24;56%;0%;;0;2375;Normal;101.2000000;;100.3000000;24982.6000000;21734.9000000;499.7000000;2022-11-30 11:45:00;2022-11-30 12:30:00;True;1865.0000000;32.0000000;No weather;
2022-12-01 04:13:42;2022-12-01 11:01:32;51%;-104%;;0;700;Normal;101.3000000;;116.0000000;24469.6000000;20799.1000000;978.8000000;2022-12-01 10:45:00;2022-12-01 11:30:00;True;111.7000000;32.0000000;No weather;
2022-12-02 04:22:55;2022-12-02 10:51:48;59%;-5%;;0;3951;Normal;101.6000000;;75.3000000;23333.1000000;20688.7000000;466.7000000;2022-12-02 10:45:00;2022-12-02 11:30:00;True;2380.8000000;32.0000000;No weather;
2022-12-03 04:11:09;2022-12-03 09:47:45;41%;26%;;0;229;Normal;101.4000000;;124.4000000;20196.3000000;18244.0000000;403.9000000;2022-12-03 10:45:00;2022-12-03 11:30:00;True;0.0000000;32.0000000;No weather;
2022-12-04 03:18:58;2022-12-04 11:20:15;77%;89%;;0;5535;Normal;101.5000000;;62.4000000;28876.6000000;23390.1000000;1347.6000000;2022-12-04 10:45:00;2022-12-04 11:30:00;True;1068.0000000;32.0000000;No weather;
2022-12-05 03:47:37;2022-12-05 10:05:41;57%;85%;;0;178;Normal;101.4000000;;79.1000000;22684.2000000;16559.4000000;453.7000000;2022-12-05 10:45:00;2022-12-05 11:30:00;True;3248.4000000;32.0000000;No weather;
2022-12-06 05:15:08;2022-12-06 13:26:44;69%;75%;;0;193;Normal;101.3000000;;96.9000000;29495.6000000;26349.4000000;589.9000000;2022-12-06 23:45:00;2022-12-07 00:30:00;True;2040.2000000;32.0000000;No weather;
2022-12-07 04:08:06;2022-12-07 10:54:18;63%;72%;;0;2248;Normal;101.6000000;;72.8000000;24372.2000000;19416.5000000;487.4000000;2022-12-07 10:45:00;2022-12-07 11:30:00;True;465.1000000;32.0000000;No weather;
2022-12-08 02:39:40;2022-12-08 08:52:08;62%;67%;;0;0;Normal;102.2000000;;51.4000000;22347.3000000;17356.4000000;2756.2000000;2022-12-08 09:45:00;2022-12-08 10:30:00;False;0.0000000;32.0000000;No weather;
2022-12-09 00:22:35;2022-12-09 05:02:38;42%;63%;;0;383;Normal;101.9000000;;84.0000000;16803.1000000;13778.6000000;1344.2000000;2022-12-09 06:00:00;2022-12-09 06:00:00;True;193.9000000;32.0000000;No weather;
2022-12-16 03:43:22;2022-12-16 09:51:23;59%;0%;;0;1729;Normal;101.5000000;;64.0000000;22081.5000000;18474.9000000;441.6000000;2022-12-16 10:25:00;2022-12-16 11:10:00;True;178.4000000;32.0000000;No weather;
2022-12-17 03:29:00;2022-12-17 10:29:48;64%;93%;;0;4135;Normal;101.4000000;;79.4000000;25247.8000000;20198.2000000;505.0000000;2022-12-17 10:25:00;2022-12-17 11:10:00;True;581.6000000;32.0000000;No weather;
2022-12-18 01:57:31;2022-12-18 06:58:33;53%;75%;;0;2269;Normal;101.1000000;;40.0000000;18062.3000000;13787.6000000;1264.4000000;2022-12-18 06:55:00;2022-12-18 06:55:00;True;440.6000000;32.0000000;No weather;
2022-12-19 03:39:10;2022-12-19 10:57:54;73%;68%;;0;1684;Normal;101.7000000;;55.4000000;26324.3000000;19129.0000000;526.5000000;2022-12-19 10:40:00;2022-12-19 11:25:00;True;1276.8000000;32.0000000;No weather;
2022-12-20 03:53:22;2022-12-20 11:16:23;73%;69%;;0;144;Normal;102.0000000;;57.1000000;26580.8000000;19847.0000000;1329.0000000;2022-12-20 11:15:00;2022-12-20 12:00:00;True;2666.0000000;32.0000000;No weather;
2022-12-21 05:03:10;2022-12-21 11:00:46;52%;79%;;0;1875;Normal;101.6000000;;90.4000000;21456.4000000;18023.3000000;429.1000000;2022-12-21 11:00:00;2022-12-21 11:00:00;True;196.9000000;32.0000000;No weather;
2022-12-22 02:32:53;2022-12-22 09:58:27;62%;85%;;0;1056;Normal;101.4000000;;100.4000000;26733.8000000;22812.8000000;534.7000000;2022-12-22 10:15:00;2022-12-22 11:00:00;True;2437.4000000;32.0000000;No weather;
2022-12-23 03:38:12;2022-12-23 09:52:38;59%;83%;;0;1275;Normal;101.6000000;;69.4000000;22465.3000000;16923.8000000;449.3000000;2022-12-23 09:45:00;2022-12-23 10:30:00;True;1764.7000000;32.0000000;No weather;
2022-12-26 03:56:01;2022-12-26 09:52:30;53%;98%;;0;5518;Normal;101.5000000;;84.0000000;21388.8000000;16184.2000000;427.8000000;2022-12-26 09:45:00;2022-12-26 10:30:00;True;2504.4000000;32.0000000;No weather;
2022-12-27 04:30:48;2022-12-27 10:18:32;49%;92%;;0;303;Normal;101.3000000;;100.0000000;20863.8000000;16065.1000000;417.3000000;2022-12-27 10:15:00;2022-12-27 11:00:00;True;3722.0000000;32.0000000;No weather;
2022-12-28 04:10:04;2022-12-28 10:27:33;59%;94%;;0;890;Normal;100.8000000;;73.4000000;22648.7000000;18798.5000000;453.0000000;2022-12-28 10:15:00;2022-12-28 11:00:00;True;1939.4000000;32.0000000;No weather;
2022-12-29 03:59:20;2022-12-29 10:22:04;62%;95%;;0;2967;Normal;101.0000000;;63.3000000;22963.6000000;19059.8000000;459.3000000;2022-12-29 10:10:00;2022-12-29 10:55:00;True;1144.8000000;32.0000000;No weather;
2023-01-01 04:01:27;2023-01-01 08:07:14;34%;81%;;0;3374;Normal;100.2000000;;108.5000000;14746.7000000;11010.9000000;2654.4000000;2023-01-01 08:00:00;2023-01-01 08:00:00;True;745.7000000;32.0000000;No weather;
2023-01-04 00:50:16;2023-01-04 07:41:59;61%;70%;;0;2434;Normal;101.5000000;;90.1000000;24702.7000000;20503.2000000;1729.2000000;2023-01-04 07:30:00;2023-01-04 07:30:00;True;3713.5000000;32.0000000;No weather;
2023-01-05 02:47:36;2023-01-05 09:06:46;62%;72%;;0;1700;Normal;101.4000000;;61.7000000;22749.6000000;16910.5000000;455.0000000;2023-01-05 08:30:00;2023-01-05 08:30:00;True;3397.4000000;32.0000000;No weather;
2023-01-06 01:18:57;2023-01-06 07:32:46;62%;73%;;0;979;Normal;101.9000000;;57.7000000;22429.6000000;18168.0000000;1644.8000000;2023-01-06 07:30:00;2023-01-06 07:30:00;True;1314.6000000;32.0000000;No weather;
2023-01-09 23:43:28;2023-01-10 05:56:55;59%;0%;;0;7300;Normal;101.4000000;;74.6000000;22407.2000000;19120.8000000;448.1000000;2023-01-10 05:30:00;2023-01-10 05:30:00;True;229.3000000;32.0000000;No weather;
2023-01-11 01:43:45;2023-01-11 07:02:49;54%;74%;;0;11849;Normal;101.8000000;;54.1000000;19143.7000000;15251.2000000;1467.7000000;2023-01-11 07:00:00;2023-01-11 07:00:00;True;3073.7000000;32.0000000;No weather;
2023-01-11 23:10:26;2023-01-12 05:07:15;63%;68%;;0;2424;Normal;102.0000000;;41.3000000;21408.4000000;18696.7000000;1498.6000000;2023-01-12 05:00:00;2023-01-12 05:30:00;True;2666.2000000;32.0000000;No weather;
2023-01-13 00:15:09;2023-01-13 06:46:04;67%;71%;;0;4124;Normal;101.7000000;;51.1000000;23455.1000000;19545.9000000;1563.7000000;2023-01-13 06:45:00;2023-01-13 06:45:00;True;1188.4000000;32.0000000;No weather;
2023-01-14 02:46:56;2023-01-14 09:57:38;75%;64%;;0;4598;Normal;101.3000000;;44.9000000;25841.9000000;22137.9000000;516.8000000;2023-01-14 09:45:00;2023-01-14 10:15:00;True;2755.6000000;32.0000000;No weather;
2023-01-16 04:41:13;2023-01-16 10:32:59;49%;66%;;0;307;No alarm;100.1000000;;105.2000000;21106.8000000;18292.6000000;422.1000000;;;True;425.5000000;32.0000000;No weather;
2023-01-16 23:34:49;2023-01-17 05:46:08;64%;48%;;0;188;Normal;100.7000000;;49.8000000;22278.9000000;18491.5000000;2376.4000000;2023-01-17 05:45:00;2023-01-17 05:45:00;True;73.1000000;32.0000000;No weather;
2023-01-18 00:41:34;2023-01-18 06:57:42;68%;49%;;0;9779;Normal;101.4000000;;37.0000000;22567.4000000;17677.8000000;1429.3000000;2023-01-18 06:45:00;2023-01-18 06:45:00;True;0.0000000;32.0000000;No weather;
2023-01-19 01:01:44;2023-01-19 06:22:29;51%;64%;;0;5584;Normal;101.8000000;;72.4000000;19245.3000000;15588.7000000;1283.0000000;2023-01-19 06:00:00;2023-01-19 06:00:00;True;172.6000000;32.0000000;No weather;
2023-01-20 02:01:51;2023-01-20 08:01:16;66%;84%;;0;7271;Normal;101.6000000;;30.9000000;21564.4000000;16892.1000000;1868.9000000;2023-01-20 08:00:00;2023-01-20 08:00:00;True;455.9000000;32.0000000;No weather;
2023-01-21 03:37:34;2023-01-21 10:43:13;70%;78%;;0;4147;Normal;102.1000000;;63.2000000;25538.3000000;19749.6000000;510.8000000;2023-01-21 10:30:00;2023-01-21 10:30:00;True;4434.9000000;32.0000000;No weather;
2023-01-22 03:36:55;2023-01-22 10:00:27;50%;79%;;0;768;Normal;101.7000000;;117.2000000;23011.4000000;19176.2000000;460.2000000;2023-01-22 10:00:00;2023-01-22 10:00:00;True;164.2000000;32.0000000;No weather;
2023-01-23 01:32:49;2023-01-23 07:01:41;53%;72%;;0;1193;Normal;101.1000000;;70.4000000;19732.0000000;16509.1000000;394.6000000;2023-01-23 06:50:00;2023-01-23 06:50:00;True;1114.7000000;32.0000000;No weather;
2023-01-23 23:21:27;2023-01-24 04:59:54;58%;72%;;0;2195;Normal;101.8000000;;51.5000000;20306.8000000;15771.6000000;1353.8000000;2023-01-24 04:50:00;2023-01-24 04:50:00;True;3205.7000000;32.0000000;No weather;
